Symbol,Date,Expiry,Option type,Strike Price,Close,No. of contracts,Open Int,Underlying Value,DTE,Spot,Strike_Distance,DTE_Distance
BANKNIFTY,2021-01-01,2021-01-28,CE,31200.0,923.7,667.0,23775.0,34684.0,27,31225.85,25.849999999998545,3
BANKNIFTY,2021-01-04,2021-02-04,CE,31200.0,1463.55,,,34684.0,31,31212.45,12.450000000000728,1
BANKNIFTY,2021-01-05,2021-02-04,CE,31700.0,1296.3,,,34684.0,30,31722.25,22.25,0
BANKNIFTY,2021-01-06,2021-02-04,CE,31800.0,1264.75,,,34684.0,29,31797.9,2.099999999998545,1
BANKNIFTY,2021-01-07,2021-02-04,CE,32000.0,1203.55,,,34684.0,28,31956.0,44.0,2
BANKNIFTY,2021-01-08,2021-02-04,CE,32100.0,1001.15,,,34684.0,27,32084.2,15.799999999999272,3
BANKNIFTY,2021-01-11,2021-02-11,CE,32000.0,1614.2,,,34684.0,31,31998.9,1.0999999999985448,1
BANKNIFTY,2021-01-12,2021-02-11,CE,32300.0,1505.75,,,34684.0,30,32339.0,39.0,0
BANKNIFTY,2021-01-13,2021-02-11,CE,32600.0,1403.1,,,34684.0,29,32574.65,25.349999999998545,1
BANKNIFTY,2021-01-14,2021-02-11,CE,32500.0,1436.7,,,34684.0,28,32519.75,19.75,2
BANKNIFTY,2021-01-15,2021-02-11,CE,32200.0,1541.25,,,34684.0,27,32246.8,46.79999999999927,3
BANKNIFTY,2021-01-18,2021-02-18,CE,31800.0,1820.85,,,34684.0,31,31811.75,11.75,1
BANKNIFTY,2021-01-19,2021-02-18,CE,32400.0,1588.2,,,34684.0,30,32424.85,24.849999999998545,0
BANKNIFTY,2021-01-20,2021-02-18,CE,32500.0,1551.8,,,34684.0,29,32543.7,43.70000000000073,1
BANKNIFTY,2021-01-21,2021-02-18,CE,32200.0,1663.05,,,34684.0,28,32186.9,13.099999999998545,2
BANKNIFTY,2021-01-22,2021-02-18,CE,31200.0,2078.5,,,34684.0,27,31167.25,32.75,3
BANKNIFTY,2021-01-25,2021-02-25,CE,31200.0,1179.25,293.0,3325.0,34684.0,31,31198.4,1.5999999999985448,1
BANKNIFTY,2021-01-27,2021-02-25,CE,30300.0,1210.45,109.0,1150.0,34684.0,29,30284.55,15.450000000000728,1
BANKNIFTY,2021-01-28,2021-02-25,CE,30400.0,1082.8,754.0,11950.0,34684.0,28,30358.3,41.70000000000073,2
BANKNIFTY,2021-01-29,2021-02-25,CE,30600.0,1099.3,1901.0,5025.0,34684.0,27,30565.5,34.5,3
BANKNIFTY,2021-02-01,2021-03-04,CE,33100.0,1000.0,2.0,,34684.0,31,33089.05,10.94999999999709,1
BANKNIFTY,2021-02-02,2021-03-04,CE,34300.0,1183.15,,,34684.0,30,34267.9,32.099999999998545,0
BANKNIFTY,2021-02-03,2021-03-04,CE,34800.0,1043.75,,,34684.0,29,34758.45,41.55000000000291,1
BANKNIFTY,2021-02-04,2021-03-04,CE,35300.0,960.45,,,34684.0,28,35344.8,44.80000000000291,2
BANKNIFTY,2021-02-05,2021-03-04,CE,35700.0,659.9,,,34684.0,27,35654.5,45.5,3
BANKNIFTY,2021-02-08,2021-03-10,CE,36000.0,714.2,,,34684.0,30,35983.65,16.349999999998545,0
BANKNIFTY,2021-02-09,2021-03-10,CE,36100.0,690.3,,,34684.0,29,36056.5,43.5,1
BANKNIFTY,2021-02-10,2021-03-10,CE,35800.0,762.7,,,34684.0,28,35783.1,16.900000000001455,2
BANKNIFTY,2021-02-11,2021-03-10,CE,35800.0,762.7,,,34684.0,27,35752.1,47.900000000001455,3
BANKNIFTY,2021-02-12,2021-03-10,CE,36100.0,690.3,,,34684.0,26,36108.9,8.900000000001455,4
BANKNIFTY,2021-02-15,2021-03-18,CE,37300.0,932.75,,,34684.0,31,37306.25,6.25,1
BANKNIFTY,2021-02-16,2021-03-18,CE,37100.0,986.7,,,34684.0,30,37098.4,1.5999999999985448,0
BANKNIFTY,2021-02-17,2021-03-18,CE,36900.0,1043.2,,,34684.0,29,36910.95,10.94999999999709,1
BANKNIFTY,2021-02-18,2021-03-18,CE,36600.0,1132.75,,,34684.0,28,36587.0,13.0,2
BANKNIFTY,2021-02-19,2021-03-18,CE,35800.0,925.35,,,34684.0,27,35841.6,41.599999999998545,3
BANKNIFTY,2021-02-22,2021-03-25,CE,35300.0,1215.45,104.0,1450.0,34684.0,31,35257.2,42.80000000000291,1
BANKNIFTY,2021-02-23,2021-03-25,CE,35100.0,1233.0,46.0,475.0,34684.0,30,35116.95,16.94999999999709,0
BANKNIFTY,2021-02-24,2021-03-25,CE,36500.0,1182.15,4842.0,56000.0,34684.0,29,36452.3,47.69999999999709,1
BANKNIFTY,2021-02-25,2021-03-25,CE,36500.0,1214.55,6054.0,76325.0,34684.0,28,36549.0,49.0,2
BANKNIFTY,2021-02-26,2021-03-25,CE,34800.0,1333.25,1112.0,4950.0,34684.0,27,34803.6,3.599999999998545,3
BANKNIFTY,2021-03-01,2021-04-01,CE,35300.0,1345.1,,,34684.0,31,35296.0,4.0,1
BANKNIFTY,2021-03-02,2021-04-01,CE,35400.0,1312.7,,,34684.0,30,35419.7,19.69999999999709,0
BANKNIFTY,2021-03-03,2021-04-01,CE,36400.0,1494.4,,,34684.0,29,36368.05,31.94999999999709,1
BANKNIFTY,2021-03-04,2021-04-01,CE,35800.0,1189.3,,,34684.0,28,35802.5,2.5,2
BANKNIFTY,2021-03-05,2021-04-01,CE,35200.0,1336.75,,12500.0,34684.0,27,35228.15,28.150000000001455,3
BANKNIFTY,2021-03-08,2021-04-08,CE,35300.0,1410.0,160.0,4000.0,34684.0,31,35275.75,24.25,1
BANKNIFTY,2021-03-09,2021-04-08,CE,35900.0,2293.9,,,34684.0,30,35865.65,34.349999999998545,0
BANKNIFTY,2021-03-10,2021-04-08,CE,35900.0,2293.9,,,34684.0,29,35938.3,38.30000000000291,1
BANKNIFTY,2021-03-12,2021-04-08,CE,35500.0,2475.7,,,34684.0,27,35496.65,3.349999999998545,3
BANKNIFTY,2021-03-15,2021-04-15,CE,35200.0,2828.35,,,34684.0,31,35182.55,17.44999999999709,1
BANKNIFTY,2021-03-16,2021-04-15,CE,34800.0,3039.05,,,34684.0,30,34804.6,4.599999999998545,0
BANKNIFTY,2021-03-17,2021-04-15,CE,34200.0,3374.9,,,34684.0,29,34229.25,29.25,1
BANKNIFTY,2021-03-18,2021-04-15,CE,33900.0,3551.75,,,34684.0,28,33856.8,43.19999999999709,2
BANKNIFTY,2021-03-19,2021-04-15,CE,34200.0,3374.9,,,34684.0,27,34161.6,38.400000000001455,3
BANKNIFTY,2021-03-22,2021-04-22,CE,33600.0,4314.85,,,34684.0,31,33603.45,3.4499999999970896,1
BANKNIFTY,2021-03-23,2021-04-22,CE,34200.0,3924.2,,,34684.0,30,34184.4,15.599999999998545,0
BANKNIFTY,2021-03-24,2021-04-22,CE,33300.0,3913.2,,,34684.0,29,33293.25,6.75,1
BANKNIFTY,2021-03-25,2021-04-22,CE,33000.0,2800.0,,,34684.0,28,33006.45,6.44999999999709,2
BANKNIFTY,2021-03-26,2021-04-22,CE,33300.0,3913.2,,,34684.0,27,33318.2,18.19999999999709,3
BANKNIFTY,2021-03-30,2021-04-29,CE,33900.0,1201.95,1137.0,4975.0,34684.0,30,33875.1,24.900000000001455,0
BANKNIFTY,2021-03-31,2021-04-29,CE,33300.0,1207.8,894.0,5275.0,34684.0,29,33303.9,3.900000000001455,1
BANKNIFTY,2021-04-01,2021-04-29,CE,33900.0,1126.75,1094.0,8625.0,34684.0,28,33858.0,42.0,2
BANKNIFTY,2021-04-05,2021-05-06,CE,32700.0,3876.2,,,34684.0,31,32678.85,21.150000000001455,1
BANKNIFTY,2021-04-06,2021-05-06,CE,32500.0,4007.75,,,34684.0,30,32501.35,1.3499999999985448,0
BANKNIFTY,2021-04-07,2021-05-06,CE,33000.0,4150.85,,,34684.0,29,32991.2,8.80000000000291,1
BANKNIFTY,2021-04-08,2021-05-06,CE,32800.0,4284.35,,,34684.0,28,32782.85,17.150000000001455,2
BANKNIFTY,2021-04-09,2021-05-06,CE,32400.0,4074.5,,,34684.0,27,32448.05,48.04999999999927,3
BANKNIFTY,2021-04-12,2021-05-12,CE,30800.0,3771.05,,,34684.0,30,30792.0,8.0,0
BANKNIFTY,2021-04-13,2021-05-12,CE,31800.0,4096.9,,,34684.0,29,31771.6,28.400000000001455,1
BANKNIFTY,2021-04-15,2021-05-12,CE,32100.0,3890.55,,,34684.0,27,32112.85,12.849999999998545,3
BANKNIFTY,2021-04-16,2021-05-20,CE,32000.0,3392.8,,,34684.0,34,31977.45,22.549999999999272,4
BANKNIFTY,2021-04-19,2021-05-20,CE,31200.0,3902.6,,,34684.0,31,31208.4,8.400000000001455,1
BANKNIFTY,2021-04-20,2021-05-20,CE,31100.0,3969.4,,,34684.0,30,31112.7,12.700000000000728,0
BANKNIFTY,2021-04-22,2021-05-20,CE,31800.0,3516.05,,,34684.0,28,31782.6,17.400000000001455,2
BANKNIFTY,2021-04-23,2021-05-20,CE,31700.0,3578.75,,,34684.0,27,31722.3,22.299999999999272,3
BANKNIFTY,2021-04-26,2021-05-27,CE,32300.0,1416.5,125.0,850.0,34684.0,31,32275.15,24.849999999998545,1
BANKNIFTY,2021-04-27,2021-05-27,CE,32700.0,1372.7,215.0,3250.0,34684.0,30,32735.35,35.349999999998545,0
BANKNIFTY,2021-04-28,2021-05-27,CE,33700.0,1291.05,332.0,2625.0,34684.0,29,33722.8,22.80000000000291,1
BANKNIFTY,2021-04-29,2021-05-27,CE,33700.0,1230.05,2280.0,37875.0,34684.0,28,33714.5,14.5,2
BANKNIFTY,2021-04-30,2021-05-27,CE,32800.0,1264.95,336.0,3025.0,34684.0,27,32781.8,18.19999999999709,3
BANKNIFTY,2021-05-03,2021-06-03,CE,32500.0,3018.15,,,34684.0,31,32465.75,34.25,1
BANKNIFTY,2021-05-04,2021-06-03,CE,32300.0,3135.3,,,34684.0,30,32270.35,29.650000000001455,0
BANKNIFTY,2021-05-05,2021-06-03,CE,32800.0,2847.9,,,34684.0,29,32783.7,16.30000000000291,1
BANKNIFTY,2021-05-06,2021-06-03,CE,32800.0,2847.9,,,34684.0,28,32827.8,27.80000000000291,2
BANKNIFTY,2021-05-07,2021-06-03,CE,32900.0,2792.6,,,34684.0,27,32904.5,4.5,3
BANKNIFTY,2021-05-10,2021-06-10,CE,33100.0,2135.6,,,34684.0,31,33142.4,42.400000000001455,1
BANKNIFTY,2021-05-11,2021-06-10,CE,32900.0,2228.25,,,34684.0,30,32872.2,27.80000000000291,0
BANKNIFTY,2021-05-12,2021-06-10,CE,32500.0,2422.35,,,34684.0,29,32452.3,47.70000000000073,1
BANKNIFTY,2021-05-14,2021-06-10,CE,32200.0,2575.5,,,34684.0,27,32169.55,30.450000000000728,3
BANKNIFTY,2021-05-17,2021-06-17,CE,33500.0,1667.25,,,34684.0,31,33459.25,40.75,1
BANKNIFTY,2021-05-18,2021-06-17,CE,33900.0,1520.15,,,34684.0,30,33922.4,22.400000000001455,0
BANKNIFTY,2021-05-19,2021-06-17,CE,33700.0,1592.4,,,34684.0,29,33685.2,14.80000000000291,1
BANKNIFTY,2021-05-20,2021-06-17,CE,33300.0,1744.8,,,34684.0,28,33334.55,34.55000000000291,2
BANKNIFTY,2021-05-21,2021-06-17,CE,34600.0,1287.35,,,34684.0,27,34606.9,6.900000000001455,3
BANKNIFTY,2021-05-24,2021-06-24,CE,34900.0,1193.75,333.0,2675.0,34684.0,31,34943.6,43.599999999998545,1
BANKNIFTY,2021-05-25,2021-06-24,CE,34700.0,1206.05,354.0,3225.0,34684.0,30,34662.0,38.0,0
BANKNIFTY,2021-05-26,2021-06-24,CE,34700.0,1212.5,410.0,3950.0,34684.0,29,34684.2,15.80000000000291,1
BANKNIFTY,2021-05-27,2021-06-24,CE,35100.0,1229.3,376.0,5575.0,34684.0,28,35095.05,4.94999999999709,2
BANKNIFTY,2021-05-28,2021-06-24,CE,35100.0,1151.05,1665.0,9300.0,34684.0,27,35141.45,41.44999999999709,3
BANKNIFTY,2021-05-31,2021-07-01,CE,35500.0,1258.95,,,34684.0,31,35526.65,26.650000000001455,1
BANKNIFTY,2021-06-01,2021-07-01,CE,35300.0,1172.45,,,34684.0,30,35337.2,37.19999999999709,0
BANKNIFTY,2021-06-02,2021-07-01,CE,35400.0,1243.7,,75.0,34684.0,29,35373.75,26.25,1
BANKNIFTY,2021-06-03,2021-07-01,CE,35600.0,1229.35,,,34684.0,28,35649.0,49.0,2
BANKNIFTY,2021-06-04,2021-07-01,CE,35300.0,1172.45,,,34684.0,27,35291.65,8.349999999998545,3
BANKNIFTY,2021-06-07,2021-07-08,CE,35400.0,1277.55,,,34684.0,31,35443.65,43.650000000001455,1
BANKNIFTY,2021-06-08,2021-07-08,CE,35100.0,1372.55,,,34684.0,30,35085.3,14.69999999999709,0
BANKNIFTY,2021-06-09,2021-07-08,CE,34800.0,1473.05,,,34684.0,29,34800.5,0.5,1
BANKNIFTY,2021-06-10,2021-07-08,CE,35100.0,1372.55,,,34684.0,28,35131.2,31.19999999999709,2
BANKNIFTY,2021-06-11,2021-07-08,CE,35000.0,1405.45,,,34684.0,27,35047.4,47.400000000001455,3
BANKNIFTY,2021-06-14,2021-07-15,CE,35000.0,1242.55,,,34684.0,31,34950.6,49.400000000001455,1
BANKNIFTY,2021-06-15,2021-07-15,CE,35200.0,1182.5,,,34684.0,30,35247.75,47.75,0
BANKNIFTY,2021-06-16,2021-07-15,CE,35000.0,1242.55,,,34684.0,29,35003.5,3.5,1
BANKNIFTY,2021-06-17,2021-07-15,CE,34600.0,1370.0,,,34684.0,28,34605.4,5.400000000001455,2
BANKNIFTY,2021-06-18,2021-07-15,CE,34600.0,1370.0,,,34684.0,27,34558.0,42.0,3
BANKNIFTY,2021-06-21,2021-07-22,CE,34900.0,1630.85,,,34684.0,31,34871.3,28.69999999999709,1
BANKNIFTY,2021-06-22,2021-07-22,CE,34700.0,1706.45,,,34684.0,30,34745.0,45.0,0
BANKNIFTY,2021-06-23,2021-07-22,CE,34600.0,1745.3,,,34684.0,29,34574.0,26.0,1
BANKNIFTY,2021-06-24,2021-07-22,CE,34800.0,1668.3,,,34684.0,28,34827.0,27.0,2
BANKNIFTY,2021-06-25,2021-07-22,CE,35400.0,1453.05,,,34684.0,27,35364.65,35.349999999998545,3
BANKNIFTY,2021-06-28,2021-07-29,CE,35400.0,836.9,5085.0,22725.0,34684.0,31,35359.45,40.55000000000291,1
BANKNIFTY,2021-06-29,2021-07-29,CE,35000.0,848.05,17299.0,281350.0,34684.0,30,35010.3,10.30000000000291,0
BANKNIFTY,2021-06-30,2021-07-29,CE,34800.0,817.8,1668.0,23600.0,34684.0,29,34772.2,27.80000000000291,1
BANKNIFTY,2021-07-01,2021-07-29,CE,34700.0,785.95,2781.0,19450.0,34684.0,28,34684.0,16.0,2
BANKNIFTY,2021-07-02,2021-07-29,CE,34800.0,736.85,6641.0,65525.0,34684.0,27,34809.9,9.900000000001455,3
BANKNIFTY,2021-07-05,2021-08-05,CE,35200.0,2645.85,,,34684.0,31,35212.0,12.0,1
BANKNIFTY,2021-07-06,2021-08-05,CE,35600.0,2446.75,,,34684.0,30,35579.15,20.849999999998545,0
BANKNIFTY,2021-07-07,2021-08-05,CE,35800.0,2351.4,,,34684.0,29,35771.3,28.69999999999709,1
BANKNIFTY,2021-07-08,2021-08-05,CE,35300.0,1787.7,1.0,25.0,34684.0,28,35274.1,25.900000000001455,2
BANKNIFTY,2021-07-09,2021-08-05,CE,35100.0,2697.3,,,34684.0,27,35071.95,28.05000000000291,3
BANKNIFTY,2021-07-12,2021-08-12,CE,35200.0,2331.65,,,34684.0,31,35198.9,1.0999999999985448,1
BANKNIFTY,2021-07-13,2021-08-12,CE,35700.0,800.0,,25.0,34684.0,30,35673.4,26.599999999998545,0
BANKNIFTY,2021-07-14,2021-08-12,CE,35700.0,800.0,,25.0,34684.0,29,35668.25,31.75,1
BANKNIFTY,2021-07-15,2021-08-12,CE,35900.0,2015.4,,,34684.0,28,35907.65,7.650000000001455,2
BANKNIFTY,2021-07-16,2021-08-18,CE,35800.0,1761.3,,,34684.0,33,35751.8,48.19999999999709,3
BANKNIFTY,2021-07-19,2021-08-18,CE,35100.0,2056.45,,,34684.0,30,35079.2,20.80000000000291,0
BANKNIFTY,2021-07-20,2021-08-18,CE,34400.0,2386.25,,,34684.0,29,34415.45,15.44999999999709,1
BANKNIFTY,2021-07-22,2021-08-18,CE,34700.0,2240.6,,,34684.0,27,34677.3,22.69999999999709,3
BANKNIFTY,2021-07-23,2021-08-26,CE,35000.0,828.05,12432.0,176700.0,34684.0,34,35034.4,34.400000000001455,4
BANKNIFTY,2021-07-26,2021-08-26,CE,34900.0,845.75,1051.0,11800.0,34684.0,31,34949.7,49.69999999999709,1
BANKNIFTY,2021-07-27,2021-08-26,CE,34800.0,837.8,1475.0,22550.0,34684.0,30,34797.45,2.5500000000029104,0
BANKNIFTY,2021-07-28,2021-08-26,CE,34500.0,859.95,13226.0,103675.0,34684.0,29,34532.9,32.900000000001455,1
BANKNIFTY,2021-07-29,2021-08-26,CE,34700.0,762.55,5878.0,54825.0,34684.0,28,34691.5,8.5,2
BANKNIFTY,2021-07-30,2021-08-26,CE,34600.0,698.8,9386.0,85150.0,34684.0,27,34584.35,15.650000000001455,3
BANKNIFTY,2021-08-02,2021-09-02,CE,34700.0,2258.85,,,34684.0,31,34710.0,10.0,1
BANKNIFTY,2021-08-03,2021-09-02,CE,35200.0,2027.25,,,34684.0,30,35207.45,7.44999999999709,0
BANKNIFTY,2021-08-04,2021-09-02,CE,36000.0,1693.7,,,34684.0,29,36028.05,28.05000000000291,1
BANKNIFTY,2021-08-05,2021-09-02,CE,35800.0,1772.9,,,34684.0,28,35834.75,34.75,2
BANKNIFTY,2021-08-06,2021-09-02,CE,35800.0,1772.9,,,34684.0,27,35809.25,9.25,3
BANKNIFTY,2021-08-09,2021-09-09,CE,36000.0,1950.3,,,34684.0,31,36028.95,28.94999999999709,1
BANKNIFTY,2021-08-10,2021-09-09,CE,36000.0,1950.3,,,34684.0,30,36034.1,34.099999999998545,0
BANKNIFTY,2021-08-11,2021-09-09,CE,35800.0,2037.9,,,34684.0,29,35806.4,6.400000000001455,1
BANKNIFTY,2021-08-12,2021-09-09,CE,35900.0,1993.75,,,34684.0,28,35937.05,37.05000000000291,2
BANKNIFTY,2021-08-13,2021-09-09,CE,36200.0,1865.5,,,34684.0,27,36169.35,30.650000000001455,3
BANKNIFTY,2021-08-16,2021-09-16,CE,36100.0,2209.75,,,34684.0,31,36094.5,5.5,1
BANKNIFTY,2021-08-17,2021-09-16,CE,35900.0,2305.1,,,34684.0,30,35867.45,32.55000000000291,0
BANKNIFTY,2021-08-18,2021-09-16,CE,35600.0,2453.7,,,34684.0,29,35554.5,45.5,1
BANKNIFTY,2021-08-20,2021-09-16,CE,35000.0,2770.25,,,34684.0,27,35033.85,33.849999999998545,3
BANKNIFTY,2021-08-23,2021-09-23,CE,35100.0,2015.05,,,34684.0,31,35124.4,24.400000000001455,1
BANKNIFTY,2021-08-24,2021-09-23,CE,35700.0,1756.85,,,34684.0,30,35712.1,12.099999999998545,0
BANKNIFTY,2021-08-25,2021-09-23,CE,35600.0,1798.05,,,34684.0,29,35586.25,13.75,1
BANKNIFTY,2021-08-26,2021-09-23,CE,35600.0,1798.05,,,34684.0,28,35617.55,17.55000000000291,2
BANKNIFTY,2021-08-27,2021-09-23,CE,35600.0,1798.05,,,34684.0,27,35627.8,27.80000000000291,3
BANKNIFTY,2021-08-30,2021-09-30,CE,36300.0,789.4,4299.0,26550.0,34684.0,31,36347.65,47.650000000001455,1
BANKNIFTY,2021-08-31,2021-09-30,CE,36400.0,788.7,7289.0,31075.0,34684.0,30,36424.6,24.599999999998545,0
BANKNIFTY,2021-09-01,2021-09-30,CE,36600.0,779.1,4823.0,28450.0,34684.0,29,36574.3,25.69999999999709,1
BANKNIFTY,2021-09-02,2021-09-30,CE,36800.0,795.25,6097.0,38325.0,34684.0,28,36831.3,31.30000000000291,2
BANKNIFTY,2021-09-03,2021-09-30,CE,36800.0,734.4,8832.0,56350.0,34684.0,27,36761.15,38.849999999998545,3
BANKNIFTY,2021-09-06,2021-10-07,CE,36600.0,1898.75,,,34684.0,31,36592.35,7.650000000001455,1
BANKNIFTY,2021-09-07,2021-10-07,CE,36500.0,953.15,,25.0,34684.0,30,36468.8,31.19999999999709,0
BANKNIFTY,2021-09-08,2021-10-07,CE,36800.0,1814.4,,,34684.0,29,36768.2,31.80000000000291,1
BANKNIFTY,2021-09-09,2021-10-07,CE,36700.0,707.7,6.0,50.0,34684.0,28,36683.2,16.80000000000291,2
BANKNIFTY,2021-09-13,2021-10-14,CE,36500.0,1968.5,,,34684.0,31,36471.8,28.19999999999709,1
BANKNIFTY,2021-09-14,2021-10-14,CE,36600.0,1924.55,,,34684.0,30,36613.05,13.05000000000291,0
BANKNIFTY,2021-09-15,2021-10-14,CE,36900.0,1796.9,,,34684.0,29,36852.25,47.75,1
BANKNIFTY,2021-09-16,2021-10-14,CE,37700.0,1487.45,,,34684.0,28,37668.6,31.400000000001455,2
BANKNIFTY,2021-09-17,2021-10-14,CE,37800.0,1451.85,,,34684.0,27,37811.95,11.94999999999709,3
BANKNIFTY,2021-09-20,2021-10-21,CE,37100.0,1525.25,,,34684.0,31,37145.7,45.69999999999709,1
BANKNIFTY,2021-09-21,2021-10-21,CE,37200.0,1488.35,,,34684.0,30,37235.85,35.849999999998545,0
BANKNIFTY,2021-09-22,2021-10-21,CE,36900.0,1601.1,,,34684.0,29,36944.65,44.650000000001455,1
BANKNIFTY,2021-09-23,2021-10-21,CE,37800.0,932.65,2.0,50.0,34684.0,28,37771.7,28.30000000000291,2
BANKNIFTY,2021-09-24,2021-10-21,CE,37800.0,890.1,10.0,125.0,34684.0,27,37830.3,30.30000000000291,3
BANKNIFTY,2021-09-27,2021-10-28,CE,38200.0,1048.3,1608.0,10125.0,34684.0,31,38171.25,28.75,1
BANKNIFTY,2021-09-28,2021-10-28,CE,37900.0,1137.35,665.0,6625.0,34684.0,30,37945.0,45.0,0
BANKNIFTY,2021-09-29,2021-10-28,CE,37700.0,1131.75,2052.0,19925.0,34684.0,29,37743.0,43.0,1
BANKNIFTY,2021-09-30,2021-10-28,CE,37400.0,1057.4,754.0,10625.0,34684.0,28,37425.1,25.099999999998545,2
BANKNIFTY,2021-10-01,2021-10-28,CE,37200.0,941.05,5796.0,24100.0,34684.0,27,37225.9,25.900000000001455,3
BANKNIFTY,2021-10-04,2021-11-03,CE,37600.0,1857.6,,,34684.0,30,37579.65,20.349999999998545,0
BANKNIFTY,2021-10-05,2021-11-03,CE,37700.0,1815.0,,,34684.0,29,37741.0,41.0,1
BANKNIFTY,2021-10-06,2021-11-03,CE,37500.0,961.3,3.0,750.0,34684.0,28,37521.55,21.55000000000291,2
BANKNIFTY,2021-10-07,2021-11-03,CE,37800.0,870.25,7.0,75.0,34684.0,27,37753.2,46.80000000000291,3
BANKNIFTY,2021-10-08,2021-11-03,CE,37800.0,843.45,20.0,250.0,34684.0,26,37775.25,24.75,4
BANKNIFTY,2021-10-11,2021-11-11,CE,38300.0,1451.6,,,34684.0,31,38293.8,6.19999999999709,1
BANKNIFTY,2021-10-12,2021-11-11,CE,38500.0,1379.7,,,34684.0,30,38521.5,21.5,0
BANKNIFTY,2021-10-13,2021-11-11,CE,38600.0,1344.8,,,34684.0,29,38635.75,35.75,1
BANKNIFTY,2021-10-14,2021-11-11,CE,39300.0,1119.25,,,34684.0,28,39340.9,40.900000000001455,2
BANKNIFTY,2021-10-18,2021-11-18,CE,39700.0,1394.6,,,34684.0,31,39684.8,15.19999999999709,1
BANKNIFTY,2021-10-19,2021-11-18,CE,39500.0,1464.65,,,34684.0,30,39540.5,40.5,0
BANKNIFTY,2021-10-20,2021-11-18,CE,39500.0,1464.65,,,34684.0,29,39518.2,18.19999999999709,1
BANKNIFTY,2021-10-21,2021-11-18,CE,40000.0,1065.7,15.0,475.0,34684.0,28,40030.2,30.19999999999709,2
BANKNIFTY,2021-10-22,2021-11-18,CE,40300.0,1199.95,,,34684.0,27,40323.65,23.650000000001455,3
BANKNIFTY,2021-10-25,2021-11-25,CE,41200.0,1113.05,1352.0,7800.0,34684.0,31,41192.4,7.599999999998545,1
BANKNIFTY,2021-10-26,2021-11-25,CE,41200.0,1136.35,978.0,9425.0,34684.0,30,41238.3,38.30000000000291,0
BANKNIFTY,2021-10-27,2021-11-25,CE,40900.0,1065.4,277.0,5400.0,34684.0,29,40874.35,25.650000000001455,1
BANKNIFTY,2021-10-28,2021-11-25,CE,39500.0,1068.45,5677.0,67175.0,34684.0,28,39508.95,8.94999999999709,2
BANKNIFTY,2021-10-29,2021-11-25,CE,39100.0,998.35,2183.0,8700.0,34684.0,27,39115.6,15.599999999998545,3
BANKNIFTY,2021-11-01,2021-12-02,CE,39800.0,1511.1,,,34684.0,31,39763.75,36.25,1
BANKNIFTY,2021-11-02,2021-12-02,CE,39900.0,1476.4,,,34684.0,30,39938.45,38.44999999999709,0
BANKNIFTY,2021-11-03,2021-12-02,CE,39400.0,1656.2,,,34684.0,29,39402.05,2.0500000000029104,1
BANKNIFTY,2021-11-04,2021-12-02,CE,39600.0,1582.35,,,34684.0,28,39573.7,26.30000000000291,2
BANKNIFTY,2021-11-08,2021-12-09,CE,39400.0,1488.95,,,34684.0,31,39438.25,38.25,1
BANKNIFTY,2021-11-09,2021-12-09,CE,39400.0,1488.95,,,34684.0,30,39368.8,31.19999999999709,0
BANKNIFTY,2021-11-10,2021-12-09,CE,39000.0,900.75,1.0,25.0,34684.0,29,39023.25,23.25,1
BANKNIFTY,2021-11-11,2021-12-09,CE,38600.0,1805.95,,,34684.0,28,38560.2,39.80000000000291,2
BANKNIFTY,2021-11-12,2021-12-09,CE,38700.0,950.0,6.0,25.0,34684.0,27,38733.35,33.349999999998545,3
BANKNIFTY,2021-11-15,2021-12-16,CE,38700.0,2535.2,,,34684.0,31,38702.35,2.349999999998545,1
BANKNIFTY,2021-11-16,2021-12-16,CE,38300.0,2756.65,,,34684.0,30,38307.1,7.099999999998545,0
BANKNIFTY,2021-11-17,2021-12-16,CE,38000.0,2930.75,,,34684.0,29,38041.55,41.55000000000291,1
BANKNIFTY,2021-11-18,2021-12-16,CE,38000.0,2930.75,,,34684.0,28,37976.25,23.75,2
BANKNIFTY,2021-11-22,2021-12-23,CE,37100.0,4039.4,,,34684.0,31,37128.8,28.80000000000291,1
BANKNIFTY,2021-11-23,2021-12-23,CE,37300.0,3898.65,,,34684.0,30,37272.8,27.19999999999709,0
BANKNIFTY,2021-11-24,2021-12-23,CE,37400.0,1050.0,2.0,25.0,34684.0,29,37441.95,41.94999999999709,1
BANKNIFTY,2021-11-25,2021-12-23,CE,37400.0,774.95,6.0,175.0,34684.0,28,37364.75,35.25,2
BANKNIFTY,2021-11-26,2021-12-23,CE,36000.0,961.8,3.0,75.0,34684.0,27,36025.5,25.5,3
BANKNIFTY,2021-11-29,2021-12-30,CE,36000.0,980.25,30197.0,169175.0,34684.0,31,35976.45,23.55000000000291,1
BANKNIFTY,2021-11-30,2021-12-30,CE,35700.0,983.25,419.0,3650.0,34684.0,30,35695.3,4.69999999999709,0
BANKNIFTY,2021-12-01,2021-12-30,CE,36400.0,908.8,2761.0,25850.0,34684.0,29,36364.9,35.099999999998545,1
BANKNIFTY,2021-12-02,2021-12-30,CE,36500.0,877.25,20881.0,208375.0,34684.0,28,36508.25,8.25,2
BANKNIFTY,2021-12-03,2021-12-30,CE,36200.0,883.0,2684.0,20850.0,34684.0,27,36197.15,2.849999999998545,3
BANKNIFTY,2021-12-06,2022-01-06,CE,35700.0,4582.8,,,34684.0,31,35735.9,35.900000000001455,1
BANKNIFTY,2021-12-07,2022-01-06,CE,36600.0,3928.85,,,34684.0,30,36618.4,18.400000000001455,0
BANKNIFTY,2021-12-08,2022-01-06,CE,37300.0,3459.55,,,34684.0,29,37284.7,15.30000000000291,1
BANKNIFTY,2021-12-09,2022-01-06,CE,37100.0,800.0,6.0,50.0,34684.0,28,37082.45,17.55000000000291,2
BANKNIFTY,2021-12-10,2022-01-06,CE,37100.0,853.6,7.0,75.0,34684.0,27,37105.65,5.650000000001455,3
BANKNIFTY,2021-12-13,2022-01-13,CE,36900.0,3099.1,,,34684.0,31,36925.25,25.25,1
BANKNIFTY,2021-12-14,2022-01-13,CE,36900.0,3099.1,,,34684.0,30,36893.95,6.05000000000291,0
BANKNIFTY,2021-12-15,2022-01-13,CE,36800.0,3161.3,,,34684.0,29,36789.55,10.44999999999709,1
BANKNIFTY,2021-12-16,2022-01-13,CE,36500.0,3352.55,,,34684.0,28,36548.65,48.650000000001455,2
BANKNIFTY,2021-12-17,2022-01-13,CE,35600.0,3968.15,,,34684.0,27,35618.65,18.650000000001455,3
BANKNIFTY,2021-12-20,2022-01-20,CE,34400.0,4340.5,,,34684.0,31,34439.85,39.849999999998545,1
BANKNIFTY,2021-12-21,2022-01-20,CE,34600.0,4188.15,,,34684.0,30,34607.85,7.849999999998545,0
BANKNIFTY,2021-12-22,2022-01-20,CE,35000.0,926.35,52.0,275.0,34684.0,29,35029.5,29.5,1
BANKNIFTY,2021-12-23,2022-01-20,CE,35200.0,3748.8,,,34684.0,28,35191.15,8.849999999998545,2
BANKNIFTY,2021-12-24,2022-01-20,CE,34900.0,3966.05,,,34684.0,27,34857.05,42.94999999999709,3
BANKNIFTY,2021-12-27,2022-01-27,CE,35100.0,968.7,409.0,4675.0,34684.0,31,35057.9,42.099999999998545,1
BANKNIFTY,2021-12-28,2022-01-27,CE,35200.0,967.75,828.0,14100.0,34684.0,30,35183.8,16.19999999999709,0
BANKNIFTY,2021-12-29,2022-01-27,CE,35000.0,963.2,7446.0,264050.0,34684.0,29,35045.4,45.400000000001455,1
BANKNIFTY,2021-12-30,2022-01-27,CE,35100.0,932.55,1508.0,18375.0,34684.0,28,35063.6,36.400000000001455,2
BANKNIFTY,2021-12-31,2022-01-27,CE,35500.0,878.8,29029.0,367075.0,34684.0,27,35481.7,18.30000000000291,3
BANKNIFTY,2022-01-03,2022-02-03,CE,36400.0,104.05,,50.0,36421.9,31,36421.9,21.900000000001455,1
BANKNIFTY,2022-01-04,2022-02-03,CE,36800.0,1904.25,,,,30,36840.15,40.150000000001455,0
BANKNIFTY,2022-01-05,2022-02-03,CE,37700.0,1516.25,,,,29,37695.9,4.099999999998545,1
BANKNIFTY,2022-01-06,2022-02-03,CE,37500.0,1112.8,12.0,100.0,37490.25,28,37490.25,9.75,2
BANKNIFTY,2022-01-07,2022-02-03,CE,37700.0,1516.25,,,37739.6,27,37739.6,39.599999999998545,3
BANKNIFTY,2022-01-10,2022-02-10,CE,38300.0,1529.0,12.0,300.0,38347.9,31,38347.9,47.900000000001455,1
BANKNIFTY,2022-01-11,2022-02-10,CE,38400.0,1494.5,,,,30,38442.2,42.19999999999709,0
BANKNIFTY,2022-01-12,2022-02-10,CE,38700.0,1381.6,,,38727.55,29,38727.55,27.55000000000291,1
BANKNIFTY,2022-01-13,2022-02-10,CE,38500.0,1456.15,,,,28,38469.95,30.05000000000291,2
BANKNIFTY,2022-01-14,2022-02-10,CE,38400.0,1494.5,,,,27,38370.4,29.599999999998545,3
BANKNIFTY,2022-01-17,2022-02-17,CE,38200.0,1319.45,,,,31,38216.15,16.150000000001455,1
BANKNIFTY,2022-01-18,2022-02-17,CE,38200.0,1319.45,,,,30,38210.3,10.30000000000291,0
BANKNIFTY,2022-01-19,2022-02-17,CE,38000.0,1393.0,,,38041.35,29,38041.35,41.349999999998545,1
BANKNIFTY,2022-01-20,2022-02-17,CE,37900.0,1430.9,,,37850.85,28,37850.85,49.150000000001455,2
BANKNIFTY,2022-01-21,2022-02-17,CE,37600.0,1549.3,,,,27,37574.3,25.69999999999709,3
BANKNIFTY,2022-01-24,2022-02-24,CE,36900.0,1404.15,342.0,3375.0,,31,36947.55,47.55000000000291,1
BANKNIFTY,2022-01-25,2022-02-24,CE,37700.0,1273.8,557.0,7225.0,37706.75,30,37706.75,6.75,0
BANKNIFTY,2022-01-27,2022-02-24,CE,38000.0,1276.65,15696.0,223950.0,,28,37982.1,17.900000000001455,2
BANKNIFTY,2022-01-28,2022-02-24,CE,37700.0,1225.35,1235.0,18075.0,,27,37689.4,10.599999999998545,3
BANKNIFTY,2022-01-31,2022-03-03,CE,38000.0,1399.0,2.0,50.0,,31,37975.35,24.650000000001455,1
BANKNIFTY,2022-02-01,2022-03-03,CE,38500.0,862.8,,,,30,38505.5,5.5,0
BANKNIFTY,2022-02-02,2022-03-03,CE,39300.0,610.1,,,39330.5,29,39330.5,30.5,1
BANKNIFTY,2022-02-03,2022-03-03,CE,39000.0,1064.6,15.0,200.0,,28,39010.0,10.0,2
BANKNIFTY,2022-02-04,2022-03-03,CE,38800.0,948.75,1.0,25.0,,27,38789.35,10.650000000001455,3
BANKNIFTY,2022-02-07,2022-03-10,CE,38000.0,1828.8,,,,31,37995.45,4.55000000000291,1
BANKNIFTY,2022-02-08,2022-03-10,CE,38000.0,1828.8,,,,30,38028.45,28.44999999999709,0
BANKNIFTY,2022-02-09,2022-03-10,CE,38600.0,1572.25,,,,29,38610.25,10.25,1
BANKNIFTY,2022-02-10,2022-03-10,CE,39000.0,993.0,3.0,75.0,,28,39010.95,10.94999999999709,2
BANKNIFTY,2022-02-11,2022-03-10,CE,38500.0,981.95,7.0,225.0,,27,38517.25,17.25,3
BANKNIFTY,2022-02-14,2022-03-17,CE,36900.0,2978.65,,,,31,36908.55,8.55000000000291,1
BANKNIFTY,2022-02-15,2022-03-17,CE,38200.0,2241.85,,,,30,38170.1,29.900000000001455,0
BANKNIFTY,2022-02-16,2022-03-17,CE,38000.0,2346.35,,,37953.8,29,37953.8,46.19999999999709,1
BANKNIFTY,2022-02-17,2022-03-17,CE,37500.0,2621.65,,,,28,37531.65,31.650000000001455,2
BANKNIFTY,2022-02-18,2022-03-17,CE,37600.0,2565.0,,,,27,37599.15,0.8499999999985448,3
BANKNIFTY,2022-02-21,2022-03-24,CE,37700.0,1167.9,7.0,50.0,37685.6,31,37685.6,14.400000000001455,1
BANKNIFTY,2022-02-22,2022-03-24,CE,37400.0,2283.9,,,,30,37371.65,28.349999999998545,0
BANKNIFTY,2022-02-23,2022-03-24,CE,37400.0,2283.9,,,37392.05,29,37392.05,7.94999999999709,1
BANKNIFTY,2022-02-24,2022-03-24,CE,35200.0,3651.95,,,,28,35228.1,28.099999999998545,2
BANKNIFTY,2022-02-25,2022-03-24,CE,36400.0,2856.25,,,,27,36430.75,30.75,3
BANKNIFTY,2022-02-28,2022-03-31,CE,36200.0,1388.45,3236.0,24950.0,,31,36205.3,5.30000000000291,1
BANKNIFTY,2022-03-02,2022-03-31,CE,35400.0,1407.35,3354.0,18550.0,35372.8,29,35372.8,27.19999999999709,1
BANKNIFTY,2022-03-03,2022-03-31,CE,34900.0,1355.0,761.0,6025.0,34944.3,28,34944.3,44.30000000000291,2
BANKNIFTY,2022-03-04,2022-03-31,CE,34400.0,1293.0,3751.0,10325.0,34407.8,27,34407.8,7.80000000000291,3
BANKNIFTY,2022-03-07,2022-04-07,CE,32900.0,2691.85,,,32871.25,31,32871.25,28.75,1
BANKNIFTY,2022-03-08,2022-04-07,CE,33200.0,1277.0,50.0,1250.0,,30,33158.1,41.900000000001455,0
BANKNIFTY,2022-03-09,2022-04-07,CE,33800.0,2081.35,,,33815.45,29,33815.45,15.44999999999709,1
BANKNIFTY,2022-03-10,2022-04-07,CE,34500.0,1670.6,,,34475.6,28,34475.6,24.400000000001455,2
BANKNIFTY,2022-03-11,2022-04-07,CE,34500.0,1269.5,7.0,75.0,,27,34546.25,46.25,3
BANKNIFTY,2022-03-14,2022-04-13,CE,35300.0,1048.85,,,,30,35312.15,12.150000000001455,0
BANKNIFTY,2022-03-15,2022-04-13,CE,35000.0,1385.65,5.0,225.0,,29,35022.65,22.650000000001455,1
BANKNIFTY,2022-03-16,2022-04-13,CE,35700.0,897.65,,,35748.25,28,35748.25,48.25,2
BANKNIFTY,2022-03-17,2022-04-13,CE,36400.0,673.25,,,,27,36428.55,28.55000000000291,3
BANKNIFTY,2022-03-21,2022-04-21,CE,36000.0,1227.15,2.0,50.0,,31,36018.5,18.5,1
BANKNIFTY,2022-03-22,2022-04-21,CE,36300.0,1082.6,,75.0,,30,36348.55,48.55000000000291,0
BANKNIFTY,2022-03-23,2022-04-21,CE,36100.0,1618.45,,,,29,36147.35,47.349999999998545,1
BANKNIFTY,2022-03-24,2022-04-21,CE,35500.0,1329.5,24.0,150.0,,28,35527.1,27.099999999998545,2
BANKNIFTY,2022-03-25,2022-04-21,CE,35400.0,2019.2,,,,27,35410.1,10.099999999998545,3
BANKNIFTY,2022-03-28,2022-04-28,CE,35700.0,1356.8,409.0,7025.0,,31,35710.5,10.5,1
BANKNIFTY,2022-03-29,2022-04-28,CE,35800.0,1276.5,977.0,7050.0,,30,35847.4,47.400000000001455,0
BANKNIFTY,2022-03-30,2022-04-28,CE,36300.0,1147.2,932.0,11175.0,36334.3,29,36334.3,34.30000000000291,1
BANKNIFTY,2022-03-31,2022-04-28,CE,36400.0,1087.6,1930.0,35800.0,,28,36373.6,26.400000000001455,2
BANKNIFTY,2022-04-01,2022-04-28,CE,37100.0,995.9,1918.0,7925.0,,27,37148.5,48.5,3
BANKNIFTY,2022-04-04,2022-05-05,CE,38600.0,1079.8,1.0,25.0,,31,38635.2,35.19999999999709,1
BANKNIFTY,2022-04-05,2022-05-05,CE,38100.0,673.15,,,,30,38067.9,32.099999999998545,0
BANKNIFTY,2022-04-06,2022-05-05,CE,37600.0,810.9,,,37632.8,29,37632.8,32.80000000000291,1
BANKNIFTY,2022-04-07,2022-05-05,CE,37600.0,810.9,,,,28,37557.35,42.650000000001455,2
BANKNIFTY,2022-04-08,2022-05-05,CE,37800.0,1080.0,1.0,25.0,,27,37752.05,47.94999999999709,3
BANKNIFTY,2022-04-11,2022-05-12,CE,37600.0,1539.7,,,,31,37613.8,13.80000000000291,1
BANKNIFTY,2022-04-12,2022-05-12,CE,37700.0,1491.25,,,,30,37747.4,47.400000000001455,0
BANKNIFTY,2022-04-13,2022-05-12,CE,37500.0,1233.95,,25.0,37463.4,29,37463.4,36.599999999998545,1
BANKNIFTY,2022-04-18,2022-05-19,CE,36700.0,1884.15,,,,31,36729.0,29.0,1
BANKNIFTY,2022-04-19,2022-05-19,CE,36300.0,2125.75,,,,30,36341.6,41.599999999998545,0
BANKNIFTY,2022-04-20,2022-05-19,CE,36300.0,2125.7,1.0,25.0,,29,36314.9,14.900000000001455,1
BANKNIFTY,2022-04-21,2022-05-19,CE,36800.0,997.5,3.0,100.0,36816.1,28,36816.1,16.099999999998545,2
BANKNIFTY,2022-04-22,2022-05-19,CE,36000.0,989.85,17.0,350.0,,27,36044.75,44.75,3
BANKNIFTY,2022-04-25,2022-05-26,CE,36100.0,1060.7,730.0,4900.0,,31,36082.35,17.650000000001455,1
BANKNIFTY,2022-04-26,2022-05-26,CE,36400.0,970.4,1032.0,12600.0,,30,36404.8,4.80000000000291,0
BANKNIFTY,2022-04-27,2022-05-26,CE,36000.0,1012.15,16557.0,324575.0,36028.85,29,36028.85,28.849999999998545,1
BANKNIFTY,2022-04-28,2022-05-26,CE,36400.0,921.85,1281.0,18400.0,,28,36422.2,22.19999999999709,2
BANKNIFTY,2022-04-29,2022-05-26,CE,36100.0,908.15,1447.0,15525.0,,27,36088.15,11.849999999998545,3
BANKNIFTY,2022-05-02,2022-06-02,CE,36200.0,998.0,7.0,100.0,,31,36163.75,36.25,1
BANKNIFTY,2022-05-04,2022-06-02,CE,35300.0,2526.8,,,35264.55,29,35264.55,35.44999999999709,1
BANKNIFTY,2022-05-05,2022-06-02,CE,35200.0,2591.9,,,,28,35232.85,32.849999999998545,2
BANKNIFTY,2022-05-06,2022-06-02,CE,34600.0,901.45,4.0,25.0,,27,34591.2,8.80000000000291,3
BANKNIFTY,2022-05-09,2022-06-09,CE,34300.0,1051.05,2.0,50.0,,31,34275.4,24.599999999998545,1
BANKNIFTY,2022-05-10,2022-06-09,CE,34500.0,1040.0,5.0,225.0,,30,34482.65,17.349999999998545,0
BANKNIFTY,2022-05-11,2022-06-09,CE,34700.0,1722.85,,,34693.15,29,34693.15,6.849999999998545,1
BANKNIFTY,2022-05-12,2022-06-09,CE,33500.0,2475.55,,,33532.15,28,33532.15,32.150000000001455,2
BANKNIFTY,2022-05-13,2022-06-09,CE,33100.0,2763.4,,,,27,33121.35,21.349999999998545,3
BANKNIFTY,2022-05-16,2022-06-16,CE,33600.0,1328.65,,,,31,33597.6,2.400000000001455,1
BANKNIFTY,2022-05-17,2022-06-16,CE,34300.0,1016.2,,,,30,34301.9,1.9000000000014552,0
BANKNIFTY,2022-05-18,2022-06-16,CE,34200.0,1057.25,,,,29,34163.7,36.30000000000291,1
BANKNIFTY,2022-05-19,2022-06-16,CE,33300.0,1480.9,,,,28,33315.65,15.650000000001455,2
BANKNIFTY,2022-05-20,2022-06-16,CE,34300.0,902.9,1.0,25.0,,27,34276.4,23.599999999998545,3
BANKNIFTY,2022-05-23,2022-06-23,CE,34200.0,969.35,,,34247.6,31,34247.6,47.599999999998545,1
BANKNIFTY,2022-05-24,2022-06-23,CE,34300.0,1030.0,4.0,50.0,,30,34290.15,9.849999999998545,0
BANKNIFTY,2022-05-25,2022-06-23,CE,34300.0,1030.0,,50.0,34339.5,29,34339.5,39.5,1
BANKNIFTY,2022-05-26,2022-06-23,CE,35100.0,964.0,10.0,250.0,,28,35094.9,5.099999999998545,2
BANKNIFTY,2022-05-27,2022-06-23,CE,35600.0,444.0,,50.0,,27,35613.3,13.30000000000291,3
BANKNIFTY,2022-05-30,2022-06-30,CE,35800.0,976.2,1962.0,15250.0,,31,35826.95,26.94999999999709,1
BANKNIFTY,2022-05-31,2022-06-30,CE,35500.0,944.75,8956.0,156375.0,,30,35487.4,12.599999999998545,0
BANKNIFTY,2022-06-01,2022-06-30,CE,35600.0,937.75,4389.0,16450.0,35620.8,29,35620.8,20.80000000000291,1
BANKNIFTY,2022-06-02,2022-06-30,CE,35600.0,899.5,4944.0,21750.0,35613.65,28,35613.65,13.650000000001455,2
BANKNIFTY,2022-06-03,2022-06-30,CE,35300.0,896.75,1339.0,10625.0,,27,35275.05,24.94999999999709,3
BANKNIFTY,2022-06-06,2022-07-07,CE,35300.0,1014.0,3.0,100.0,,31,35310.2,10.19999999999709,1
BANKNIFTY,2022-06-07,2022-07-07,CE,35000.0,914.0,14.0,125.0,34996.0,30,34996.0,4.0,0
BANKNIFTY,2022-06-08,2022-07-07,CE,34900.0,1835.7,,,34946.15,29,34946.15,46.150000000001455,1
BANKNIFTY,2022-06-09,2022-07-07,CE,35100.0,1722.05,,,35085.45,28,35085.45,14.55000000000291,2
BANKNIFTY,2022-06-10,2022-07-07,CE,34500.0,863.95,48.0,500.0,,27,34483.8,16.19999999999709,3
BANKNIFTY,2022-06-13,2022-07-14,CE,33400.0,2429.2,,,33405.85,31,33405.85,5.849999999998545,1
BANKNIFTY,2022-06-14,2022-07-14,CE,33300.0,2499.2,,,,30,33311.35,11.349999999998545,0
BANKNIFTY,2022-06-15,2022-07-14,CE,33300.0,2499.2,,,33339.0,29,33339.0,39.0,1
BANKNIFTY,2022-06-16,2022-07-14,CE,32600.0,3019.0,,,,28,32617.1,17.099999999998545,2
BANKNIFTY,2022-06-17,2022-07-14,CE,32700.0,2941.85,,,,27,32743.05,43.04999999999927,3
BANKNIFTY,2022-06-20,2022-07-21,CE,32700.0,1280.7,,,32684.8,31,32684.8,15.200000000000728,1
BANKNIFTY,2022-06-21,2022-07-21,CE,33200.0,1082.5,1.0,25.0,33191.75,30,33191.75,8.25,0
BANKNIFTY,2022-06-22,2022-07-21,CE,32800.0,1232.5,,,32845.3,29,32845.3,45.30000000000291,1
BANKNIFTY,2022-06-23,2022-07-21,CE,33100.0,1095.5,,50.0,,28,33135.0,35.0,2
BANKNIFTY,2022-06-24,2022-07-21,CE,33600.0,891.6,,,,27,33627.45,27.44999999999709,3
BANKNIFTY,2022-06-27,2022-07-28,CE,33800.0,969.65,1085.0,9775.0,,31,33811.25,11.25,1
BANKNIFTY,2022-06-28,2022-07-28,CE,33600.0,977.9,1057.0,8100.0,33642.45,30,33642.45,42.44999999999709,0
BANKNIFTY,2022-06-29,2022-07-28,CE,33300.0,940.6,1454.0,15625.0,33269.9,29,33269.9,30.099999999998545,1
BANKNIFTY,2022-06-30,2022-07-28,CE,33400.0,887.05,1686.0,13575.0,,28,33425.1,25.099999999998545,2
BANKNIFTY,2022-07-01,2022-07-28,CE,33500.0,907.45,24987.0,329950.0,,27,33539.45,39.44999999999709,3
BANKNIFTY,2022-07-04,2022-08-04,CE,33900.0,1124.4,,,,31,33940.9,40.900000000001455,1
BANKNIFTY,2022-07-05,2022-08-04,CE,33800.0,1166.2,,,,30,33815.9,15.900000000001455,0
BANKNIFTY,2022-07-06,2022-08-04,CE,34300.0,968.0,,,34324.25,29,34324.25,24.25,1
BANKNIFTY,2022-07-07,2022-08-04,CE,34900.0,850.0,4.0,50.0,,28,34920.3,20.30000000000291,2
BANKNIFTY,2022-07-08,2022-08-04,CE,35100.0,786.0,16.0,75.0,,27,35124.05,24.05000000000291,3
BANKNIFTY,2022-07-11,2022-08-11,CE,35500.0,1118.9,,,35469.65,31,35469.65,30.349999999998545,1
BANKNIFTY,2022-07-12,2022-08-11,CE,35100.0,1300.6,,,,30,35132.25,32.25,0
BANKNIFTY,2022-07-13,2022-08-11,CE,34800.0,1449.7,,,34827.8,29,34827.8,27.80000000000291,1
BANKNIFTY,2022-07-14,2022-08-11,CE,34700.0,753.0,1.0,25.0,,28,34651.2,48.80000000000291,2
BANKNIFTY,2022-07-15,2022-08-11,CE,34700.0,755.5,1.0,25.0,,27,34682.65,17.349999999998545,3
BANKNIFTY,2022-07-18,2022-08-18,CE,35400.0,1029.1,,,,31,35358.7,41.30000000000291,1
BANKNIFTY,2022-07-19,2022-08-18,CE,35700.0,911.4,,,,30,35720.35,20.349999999998545,0
BANKNIFTY,2022-07-20,2022-08-18,CE,36000.0,800.4,3.0,175.0,35972.1,29,35972.1,27.900000000001455,1
BANKNIFTY,2022-07-21,2022-08-18,CE,36200.0,737.75,,,,28,36201.0,1.0,2
BANKNIFTY,2022-07-22,2022-08-18,CE,36700.0,590.6,,,36738.95,27,36738.95,38.94999999999709,3
BANKNIFTY,2022-07-25,2022-08-25,CE,36700.0,868.35,2263.0,30075.0,,31,36726.4,26.400000000001455,1
BANKNIFTY,2022-07-26,2022-08-25,CE,36400.0,845.7,838.0,7450.0,36408.5,30,36408.5,8.5,0
BANKNIFTY,2022-07-27,2022-08-25,CE,36800.0,829.15,1470.0,38575.0,36783.75,29,36783.75,16.25,1
BANKNIFTY,2022-07-28,2022-08-25,CE,37400.0,750.2,1661.0,19350.0,,28,37378.15,21.849999999998545,2
BANKNIFTY,2022-07-29,2022-08-25,CE,37500.0,757.0,36635.0,435100.0,,27,37491.4,8.599999999998545,3
BANKNIFTY,2022-08-01,2022-09-01,CE,37900.0,868.4,,,,31,37903.2,3.1999999999970896,1
BANKNIFTY,2022-08-02,2022-09-01,CE,38000.0,792.8,207.0,1250.0,,30,38024.0,24.0,0
BANKNIFTY,2022-08-03,2022-09-01,CE,38000.0,855.25,91.0,2450.0,37989.25,29,37989.25,10.75,1
BANKNIFTY,2022-08-04,2022-09-01,CE,37800.0,908.85,,75.0,37755.55,28,37755.55,44.44999999999709,2
BANKNIFTY,2022-08-05,2022-09-01,CE,37900.0,813.45,14.0,275.0,,27,37920.6,20.599999999998545,3
BANKNIFTY,2022-08-08,2022-09-08,CE,38200.0,1251.3,,,,31,38237.4,37.400000000001455,1
BANKNIFTY,2022-08-10,2022-09-08,CE,38300.0,1206.75,,,,29,38287.85,12.150000000001455,1
BANKNIFTY,2022-08-11,2022-09-08,CE,38900.0,871.8,4.0,350.0,,28,38879.85,20.150000000001455,2
BANKNIFTY,2022-08-12,2022-09-08,CE,39000.0,820.4,67.0,1125.0,39042.3,27,39042.3,42.30000000000291,3
BANKNIFTY,2022-08-16,2022-09-15,CE,39200.0,1344.05,,,,30,39239.65,39.650000000001455,0
BANKNIFTY,2022-08-17,2022-09-15,CE,39500.0,849.0,14.0,425.0,39461.7,29,39461.7,38.30000000000291,1
BANKNIFTY,2022-08-18,2022-09-15,CE,39700.0,733.9,3.0,75.0,39656.15,28,39656.15,43.849999999998545,2
BANKNIFTY,2022-08-19,2022-09-15,CE,39000.0,907.4,89.0,1700.0,,27,38985.95,14.05000000000291,3
BANKNIFTY,2022-08-22,2022-09-22,CE,38300.0,2306.35,,,38297.75,31,38297.75,2.25,1
BANKNIFTY,2022-08-23,2022-09-22,CE,38700.0,2053.55,,,,30,38697.65,2.349999999998545,0
BANKNIFTY,2022-08-24,2022-09-22,CE,39000.0,1875.45,,,39038.5,29,39038.5,38.5,1
BANKNIFTY,2022-08-25,2022-09-22,CE,39000.0,1875.45,,,,28,38950.75,49.25,2
BANKNIFTY,2022-08-26,2022-09-22,CE,39000.0,1246.1,7.0,175.0,38987.15,27,38987.15,12.849999999998545,3
BANKNIFTY,2022-08-29,2022-09-29,CE,38300.0,926.75,8625.0,31525.0,38276.7,31,38276.7,23.30000000000291,1
BANKNIFTY,2022-08-30,2022-09-29,CE,39500.0,920.5,35005.0,309175.0,39536.75,30,39536.75,36.75,0
BANKNIFTY,2022-09-01,2022-09-29,CE,39300.0,924.3,8148.0,37250.0,,28,39301.25,1.25,2
BANKNIFTY,2022-09-02,2022-09-29,CE,39400.0,887.25,9075.0,46250.0,39421.0,27,39421.0,21.0,3
BANKNIFTY,2022-09-05,2022-10-06,CE,39800.0,970.45,6.0,75.0,39805.75,31,39805.75,5.75,1
BANKNIFTY,2022-09-06,2022-10-06,CE,39700.0,990.35,9.0,125.0,,30,39666.5,33.5,0
BANKNIFTY,2022-09-07,2022-10-06,CE,39500.0,1413.8,,,39455.9,29,39455.9,44.099999999998545,1
BANKNIFTY,2022-09-08,2022-10-06,CE,40200.0,971.3,9.0,125.0,,28,40208.95,8.94999999999709,2
BANKNIFTY,2022-09-09,2022-10-06,CE,40400.0,957.85,25.0,275.0,40415.7,27,40415.7,15.69999999999709,3
BANKNIFTY,2022-09-12,2022-10-13,CE,40600.0,1342.4,,,,31,40574.0,26.0,1
BANKNIFTY,2022-09-13,2022-10-13,CE,40900.0,1209.0,,,40873.1,30,40873.1,26.900000000001455,0
BANKNIFTY,2022-09-14,2022-10-13,CE,41400.0,1008.05,,,41405.4,29,41405.4,5.400000000001455,1
BANKNIFTY,2022-09-15,2022-10-13,CE,41200.0,1085.25,,,,28,41209.2,9.19999999999709,2
BANKNIFTY,2022-09-16,2022-10-13,CE,40800.0,1100.0,9.0,175.0,40776.8,27,40776.8,23.19999999999709,3
BANKNIFTY,2022-09-19,2022-10-20,CE,40900.0,1724.55,,,,31,40904.4,4.400000000001455,1
BANKNIFTY,2022-09-20,2022-10-20,CE,41500.0,1126.1,5.0,25.0,,30,41468.3,31.69999999999709,0
BANKNIFTY,2022-09-21,2022-10-20,CE,41200.0,1567.85,,,41203.45,29,41203.45,3.4499999999970896,1
BANKNIFTY,2022-09-22,2022-10-20,CE,40600.0,1891.1,,,40630.6,28,40630.6,30.599999999998545,2
BANKNIFTY,2022-09-23,2022-10-20,CE,39500.0,1184.0,1.0,25.0,,27,39546.25,46.25,3
BANKNIFTY,2022-09-26,2022-10-27,CE,38600.0,1443.7,455.0,3425.0,38616.25,31,38616.25,16.25,1
BANKNIFTY,2022-09-27,2022-10-27,CE,38400.0,1227.55,344.0,3925.0,,30,38359.15,40.849999999998545,0
BANKNIFTY,2022-09-28,2022-10-27,CE,37800.0,1172.05,489.0,9575.0,37759.85,29,37759.85,40.150000000001455,1
BANKNIFTY,2022-09-29,2022-10-27,CE,37600.0,1165.8,929.0,11450.0,37647.75,28,37647.75,47.75,2
BANKNIFTY,2022-09-30,2022-10-27,CE,38600.0,1083.1,3751.0,18475.0,38631.95,27,38631.95,31.94999999999709,3
BANKNIFTY,2022-10-03,2022-11-03,CE,38000.0,1313.6,8.0,125.0,,31,38029.65,29.650000000001455,1
BANKNIFTY,2022-10-04,2022-11-03,CE,39100.0,2583.6,,,39110.05,30,39110.05,10.05000000000291,0
BANKNIFTY,2022-10-06,2022-11-03,CE,39300.0,2453.55,,,39282.85,28,39282.85,17.150000000001455,2
BANKNIFTY,2022-10-07,2022-11-03,CE,39200.0,2518.05,,,39178.05,27,39178.05,21.94999999999709,3
BANKNIFTY,2022-10-10,2022-11-10,CE,39100.0,1593.1,1.0,25.0,,31,39093.1,6.900000000001455,1
BANKNIFTY,2022-10-11,2022-11-10,CE,38700.0,1825.1,,,,30,38712.45,12.44999999999709,0
BANKNIFTY,2022-10-12,2022-11-10,CE,39100.0,949.55,2.0,50.0,39118.55,29,39118.55,18.55000000000291,1
BANKNIFTY,2022-10-13,2022-11-10,CE,38600.0,1747.85,,25.0,,28,38624.0,24.0,2
BANKNIFTY,2022-10-14,2022-11-10,CE,39300.0,1502.05,,,,27,39305.6,5.599999999998545,3
BANKNIFTY,2022-10-17,2022-11-17,CE,39900.0,920.05,,,39920.45,31,39920.45,20.44999999999709,1
BANKNIFTY,2022-10-18,2022-11-17,CE,40300.0,783.0,,,,30,40318.75,18.75,0
BANKNIFTY,2022-10-19,2022-11-17,CE,40400.0,1007.8,2.0,25.0,40373.2,29,40373.2,26.80000000000291,1
BANKNIFTY,2022-10-20,2022-11-17,CE,40100.0,849.45,,,,28,40099.55,0.4499999999970896,2
BANKNIFTY,2022-10-21,2022-11-17,CE,40800.0,634.25,,,40784.05,27,40784.05,15.94999999999709,3
BANKNIFTY,2022-10-24,2022-11-24,CE,41300.0,1009.7,468.0,13175.0,41304.9,31,41304.9,4.900000000001455,1
BANKNIFTY,2022-10-25,2022-11-24,CE,41100.0,1028.0,516.0,7075.0,41122.75,30,41122.75,22.75,0
BANKNIFTY,2022-10-27,2022-11-24,CE,41300.0,992.65,3234.0,33475.0,,28,41299.3,0.6999999999970896,2
BANKNIFTY,2022-10-28,2022-11-24,CE,41000.0,953.4,24824.0,354325.0,,27,40990.85,9.150000000001455,3
BANKNIFTY,2022-10-31,2022-12-01,CE,41300.0,990.0,2.0,275.0,41307.9,31,41307.9,7.900000000001455,1
BANKNIFTY,2022-11-01,2022-12-01,CE,41300.0,990.0,,275.0,,30,41289.55,10.44999999999709,0
BANKNIFTY,2022-11-02,2022-12-01,CE,41100.0,1227.5,,,41146.65,29,41146.65,46.650000000001455,1
BANKNIFTY,2022-11-03,2022-12-01,CE,41300.0,969.6,14.0,375.0,41298.35,28,41298.35,1.6500000000014552,2
BANKNIFTY,2022-11-04,2022-12-01,CE,41300.0,866.3,23.0,475.0,,27,41258.45,41.55000000000291,3
BANKNIFTY,2022-11-07,2022-12-08,CE,41700.0,1355.3,,,,31,41686.7,13.30000000000291,1
BANKNIFTY,2022-11-09,2022-12-08,CE,41800.0,1471.3,1.0,25.0,41783.2,29,41783.2,16.80000000000291,1
BANKNIFTY,2022-11-10,2022-12-08,CE,41600.0,900.0,3.0,75.0,41603.75,28,41603.75,3.75,2
BANKNIFTY,2022-11-11,2022-12-08,CE,42100.0,1178.45,,,42137.05,27,42137.05,37.05000000000291,3
BANKNIFTY,2022-11-15,2022-12-15,CE,42400.0,1180.45,,,,30,42372.7,27.30000000000291,0
BANKNIFTY,2022-11-16,2022-12-15,CE,42500.0,945.9,19.0,425.0,42535.3,29,42535.3,35.30000000000291,1
BANKNIFTY,2022-11-17,2022-12-15,CE,42500.0,860.2,82.0,1350.0,42458.05,28,42458.05,41.94999999999709,2
BANKNIFTY,2022-11-18,2022-12-15,CE,42400.0,1180.45,,,,27,42437.45,37.44999999999709,3
BANKNIFTY,2022-11-21,2022-12-22,CE,42300.0,1651.2,,,42346.55,31,42346.55,46.55000000000291,1
BANKNIFTY,2022-11-22,2022-12-22,CE,42500.0,1548.05,,,42457.05,30,42457.05,42.94999999999709,0
BANKNIFTY,2022-11-23,2022-12-22,CE,42700.0,1449.15,,,42729.1,29,42729.1,29.099999999998545,1
BANKNIFTY,2022-11-24,2022-12-22,CE,43100.0,1264.8,,,,28,43075.4,24.599999999998545,2
BANKNIFTY,2022-11-25,2022-12-22,CE,43000.0,743.7,516.0,7675.0,42983.95,27,42983.95,16.05000000000291,3
BANKNIFTY,2022-11-28,2022-12-29,CE,43000.0,868.55,28676.0,586950.0,43020.45,31,43020.45,20.44999999999709,1
BANKNIFTY,2022-11-29,2022-12-29,CE,43100.0,816.0,3966.0,37850.0,,30,43053.45,46.55000000000291,0
BANKNIFTY,2022-11-30,2022-12-29,CE,43200.0,832.85,6463.0,41175.0,43231.0,29,43231.0,31.0,1
BANKNIFTY,2022-12-01,2022-12-29,CE,43300.0,763.5,7051.0,47375.0,43260.65,28,43260.65,39.349999999998545,2
BANKNIFTY,2022-12-02,2022-12-29,CE,43100.0,782.55,5069.0,49975.0,,27,43103.75,3.75,3
BANKNIFTY,2022-12-05,2023-01-05,CE,43300.0,1548.3,,,,31,43332.95,32.94999999999709,1
BANKNIFTY,2022-12-06,2023-01-05,CE,43100.0,1651.8,,,,30,43138.55,38.55000000000291,0
BANKNIFTY,2022-12-07,2023-01-05,CE,43100.0,842.1,8.0,200.0,43098.7,29,43098.7,1.3000000000029104,1
BANKNIFTY,2022-12-08,2023-01-05,CE,43600.0,1401.15,,,,28,43596.85,3.150000000001455,2
BANKNIFTY,2022-12-09,2023-01-05,CE,43600.0,766.85,44.0,750.0,,27,43633.45,33.44999999999709,3
BANKNIFTY,2022-12-12,2023-01-12,CE,43700.0,1514.9,,,43708.75,31,43708.75,8.75,1
BANKNIFTY,2022-12-13,2023-01-12,CE,43900.0,1416.85,,,,30,43946.55,46.55000000000291,0
BANKNIFTY,2022-12-14,2023-01-12,CE,44000.0,1369.55,,,44049.1,29,44049.1,49.099999999998545,1
BANKNIFTY,2022-12-15,2023-01-12,CE,43500.0,744.15,31.0,325.0,,28,43498.2,1.8000000000029104,2
BANKNIFTY,2022-12-16,2023-01-12,CE,43200.0,1779.05,,,43219.5,27,43219.5,19.5,3
BANKNIFTY,2022-12-19,2023-01-19,CE,43400.0,1600.8,,,43413.75,31,43413.75,13.75,1
BANKNIFTY,2022-12-20,2023-01-19,CE,43400.0,1600.8,,,43359.5,30,43359.5,40.5,0
BANKNIFTY,2022-12-21,2023-01-19,CE,42600.0,2055.5,,,42617.95,29,42617.95,17.94999999999709,1
BANKNIFTY,2022-12-22,2023-01-19,CE,42400.0,2180.2,,,,28,42408.8,8.80000000000291,2
BANKNIFTY,2022-12-23,2023-01-25,CE,41700.0,919.1,1076.0,7175.0,,33,41668.05,31.94999999999709,3
BANKNIFTY,2022-12-26,2023-01-25,CE,42600.0,880.35,1040.0,7350.0,42630.15,30,42630.15,30.150000000001455,0
BANKNIFTY,2022-12-27,2023-01-25,CE,42900.0,850.6,1132.0,10175.0,,29,42859.5,40.5,1
BANKNIFTY,2022-12-28,2023-01-25,CE,42800.0,866.5,2251.0,30300.0,42827.7,28,42827.7,27.69999999999709,2
BANKNIFTY,2022-12-29,2023-01-25,CE,43300.0,758.45,2421.0,31275.0,43252.35,27,43252.35,47.650000000001455,3
BANKNIFTY,2022-12-30,2023-01-25,CE,43000.0,806.2,33133.0,432175.0,42986.45,26,42986.45,13.55000000000291,4
BANKNIFTY,2023-01-02,2023-02-02,CE,43200.0,988.0,,25.0,43203.1,31,43203.1,3.099999999998545,1
BANKNIFTY,2023-01-03,2023-02-02,CE,43400.0,1204.65,,,,30,43425.25,25.25,0
BANKNIFTY,2023-01-04,2023-02-02,CE,43000.0,923.35,123.0,3850.0,42958.8,29,42958.8,41.19999999999709,1
BANKNIFTY,2023-01-05,2023-02-02,CE,42600.0,938.05,1.0,375.0,,28,42608.7,8.69999999999709,2
BANKNIFTY,2023-01-06,2023-02-02,CE,42200.0,1019.75,,350.0,,27,42188.8,11.19999999999709,3
BANKNIFTY,2023-01-09,2023-02-09,CE,42600.0,838.55,,400.0,42582.75,31,42582.75,17.25,1
BANKNIFTY,2023-01-10,2023-02-09,CE,42000.0,1058.75,18.0,450.0,,30,42014.75,14.75,0
BANKNIFTY,2023-01-11,2023-02-09,CE,42200.0,984.45,20.0,1375.0,42232.7,29,42232.7,32.69999999999709,1
BANKNIFTY,2023-01-12,2023-02-09,CE,42100.0,1059.6,5.0,1200.0,42082.25,28,42082.25,17.75,2
BANKNIFTY,2023-01-13,2023-02-09,CE,42400.0,960.0,,225.0,,27,42371.25,28.75,3
BANKNIFTY,2023-01-16,2023-02-16,CE,42200.0,1411.8,,,42167.55,31,42167.55,32.44999999999709,1
BANKNIFTY,2023-01-17,2023-02-16,CE,42200.0,1411.8,,,,30,42235.05,35.05000000000291,0
BANKNIFTY,2023-01-18,2023-02-16,CE,42500.0,927.2,10.0,175.0,42458.0,29,42458.0,42.0,1
BANKNIFTY,2023-01-19,2023-02-16,CE,42300.0,946.7,1.0,350.0,,28,42328.85,28.849999999998545,2
BANKNIFTY,2023-01-20,2023-02-16,CE,42500.0,853.75,64.0,700.0,,27,42506.8,6.80000000000291,3
BANKNIFTY,2023-01-23,2023-02-23,CE,42800.0,907.3,1657.0,20675.0,42821.25,31,42821.25,21.25,1
BANKNIFTY,2023-01-24,2023-02-23,CE,42700.0,889.6,1337.0,20200.0,42733.45,30,42733.45,33.44999999999709,0
BANKNIFTY,2023-01-25,2023-02-23,CE,41600.0,938.85,3685.0,22200.0,,29,41647.65,47.650000000001455,1
BANKNIFTY,2023-01-27,2023-02-23,CE,40300.0,1152.95,4369.0,30225.0,,27,40345.3,45.30000000000291,3
BANKNIFTY,2023-01-30,2023-03-02,CE,40400.0,2814.85,,,40387.45,31,40387.45,12.55000000000291,1
BANKNIFTY,2023-01-31,2023-03-02,CE,40700.0,2602.35,,,,30,40655.05,44.94999999999709,0
BANKNIFTY,2023-02-01,2023-03-02,CE,40500.0,1354.45,,175.0,40513.0,29,40513.0,13.0,1
BANKNIFTY,2023-02-02,2023-03-02,CE,40700.0,2602.35,,,,28,40669.3,30.69999999999709,2
BANKNIFTY,2023-02-03,2023-03-02,CE,41500.0,942.95,30.0,425.0,41499.7,27,41499.7,0.3000000000029104,3
BANKNIFTY,2023-02-06,2023-03-09,CE,41400.0,1071.8,,,41374.65,31,41374.65,25.349999999998545,1
BANKNIFTY,2023-02-07,2023-03-09,CE,41500.0,920.0,1.0,25.0,41490.95,30,41490.95,9.05000000000291,0
BANKNIFTY,2023-02-08,2023-03-09,CE,41500.0,949.75,29.0,725.0,41537.65,29,41537.65,37.650000000001455,1
BANKNIFTY,2023-02-09,2023-03-09,CE,41600.0,850.0,33.0,700.0,41554.3,28,41554.3,45.69999999999709,2
BANKNIFTY,2023-02-10,2023-03-09,CE,41600.0,850.0,1.0,700.0,,27,41559.4,40.599999999998545,3
BANKNIFTY,2023-02-13,2023-03-16,CE,41300.0,1577.45,,,41282.2,31,41282.2,17.80000000000291,1
BANKNIFTY,2023-02-14,2023-03-16,CE,41600.0,1418.9,,,,30,41648.35,48.349999999998545,0
BANKNIFTY,2023-02-15,2023-03-16,CE,41700.0,1368.45,,,41731.05,29,41731.05,31.05000000000291,1
BANKNIFTY,2023-02-16,2023-03-16,CE,41600.0,1418.9,,,,28,41631.35,31.349999999998545,2
BANKNIFTY,2023-02-17,2023-03-16,CE,41100.0,1357.45,1.0,25.0,,27,41131.75,31.75,3
BANKNIFTY,2023-02-20,2023-03-23,CE,40700.0,1963.85,,,40701.7,31,40701.7,1.6999999999970896,1
BANKNIFTY,2023-02-21,2023-03-23,CE,40700.0,1963.85,,,,30,40673.6,26.400000000001455,0
BANKNIFTY,2023-02-22,2023-03-23,CE,40000.0,887.65,546.0,4750.0,39995.9,29,39995.9,4.099999999998545,1
BANKNIFTY,2023-02-23,2023-03-23,CE,40000.0,886.65,388.0,7225.0,40001.55,28,40001.55,1.5500000000029104,2
BANKNIFTY,2023-02-24,2023-03-29,CE,39900.0,875.1,2921.0,19400.0,,33,39909.4,9.400000000001455,3
BANKNIFTY,2023-02-27,2023-03-29,CE,40300.0,819.2,6049.0,43900.0,40307.1,30,40307.1,7.099999999998545,0
BANKNIFTY,2023-02-28,2023-03-29,CE,40300.0,777.9,12695.0,57675.0,,29,40269.05,30.94999999999709,1
BANKNIFTY,2023-03-01,2023-03-29,CE,40700.0,750.6,7675.0,50975.0,40698.15,28,40698.15,1.8499999999985448,2
BANKNIFTY,2023-03-02,2023-03-29,CE,40400.0,747.15,3629.0,35775.0,,27,40389.8,10.19999999999709,3
BANKNIFTY,2023-03-03,2023-04-06,CE,41300.0,761.15,27961.0,654725.0,41251.35,34,41251.35,48.650000000001455,4
BANKNIFTY,2023-03-06,2023-04-06,CE,41400.0,723.4,61.0,654275.0,,31,41350.4,49.599999999998545,1
BANKNIFTY,2023-03-08,2023-04-06,CE,41600.0,839.55,,,41577.1,29,41577.1,22.900000000001455,1
BANKNIFTY,2023-03-09,2023-04-06,CE,41300.0,733.25,78.0,653600.0,,28,41256.75,43.25,2
BANKNIFTY,2023-03-10,2023-04-06,CE,40500.0,757.65,175.0,2100.0,40485.45,27,40485.45,14.55000000000291,3
BANKNIFTY,2023-03-13,2023-04-13,CE,39600.0,2430.05,,,39564.7,31,39564.7,35.30000000000291,1
BANKNIFTY,2023-03-14,2023-04-13,CE,39400.0,2576.15,,,,30,39411.4,11.400000000001455,0
BANKNIFTY,2023-03-15,2023-04-13,CE,39100.0,2801.05,,,39051.5,29,39051.5,48.5,1
BANKNIFTY,2023-03-16,2023-04-13,CE,39100.0,2801.05,,,,28,39132.6,32.599999999998545,2
BANKNIFTY,2023-03-17,2023-04-13,CE,39600.0,726.0,,975.0,39598.1,27,39598.1,1.9000000000014552,3
BANKNIFTY,2023-03-20,2023-04-20,CE,39400.0,963.95,28.0,925.0,39361.95,31,39361.95,38.05000000000291,1
BANKNIFTY,2023-03-21,2023-04-20,CE,39900.0,729.55,,225.0,39894.7,30,39894.7,5.30000000000291,0
BANKNIFTY,2023-03-22,2023-04-20,CE,40000.0,910.0,44.0,1350.0,39999.05,29,39999.05,0.9499999999970896,1
BANKNIFTY,2023-03-23,2023-04-20,CE,39600.0,919.65,2.0,425.0,,28,39616.9,16.900000000001455,2
BANKNIFTY,2023-03-24,2023-04-20,CE,39400.0,830.8,4.0,1000.0,,27,39395.35,4.650000000001455,3
BANKNIFTY,2023-03-27,2023-04-27,CE,39400.0,1019.8,1421.0,17625.0,39431.3,31,39431.3,31.30000000000291,1
BANKNIFTY,2023-03-28,2023-04-27,CE,39600.0,902.7,1513.0,15600.0,39567.9,30,39567.9,32.099999999998545,0
BANKNIFTY,2023-03-29,2023-04-27,CE,39900.0,874.8,1906.0,22650.0,,29,39910.15,10.150000000001455,1
BANKNIFTY,2023-03-31,2023-04-27,CE,40600.0,782.85,8041.0,40000.0,40608.65,27,40608.65,8.650000000001455,3
BANKNIFTY,2023-04-03,2023-05-04,CE,40800.0,837.15,13.0,325.0,40813.05,31,40813.05,13.05000000000291,1
BANKNIFTY,2023-04-05,2023-05-04,CE,41000.0,777.65,30.0,525.0,40999.15,29,40999.15,0.8499999999985448,1
BANKNIFTY,2023-04-06,2023-05-04,CE,41000.0,737.75,81.0,1900.0,,28,41041.0,41.0,2
BANKNIFTY,2023-04-10,2023-05-11,CE,40800.0,1437.4,,,,31,40834.65,34.650000000001455,1
BANKNIFTY,2023-04-11,2023-05-11,CE,41400.0,1131.2,,,,30,41366.5,33.5,0
BANKNIFTY,2023-04-12,2023-05-11,CE,41600.0,709.9,10.0,175.0,41557.95,29,41557.95,42.05000000000291,1
BANKNIFTY,2023-04-13,2023-05-11,CE,42100.0,834.3,,,42132.55,28,42132.55,32.55000000000291,2
BANKNIFTY,2023-04-17,2023-05-18,CE,42300.0,1248.35,,,42262.55,31,42262.55,37.44999999999709,1
BANKNIFTY,2023-04-18,2023-05-18,CE,42300.0,1248.35,,,,30,42265.2,34.80000000000291,0
BANKNIFTY,2023-04-19,2023-05-18,CE,42200.0,1298.75,,,42154.0,29,42154.0,46.0,1
BANKNIFTY,2023-04-20,2023-05-18,CE,42300.0,1248.35,,,,28,42269.5,30.5,2
BANKNIFTY,2023-04-21,2023-05-18,CE,42100.0,651.85,25.0,4400.0,,27,42118.0,18.0,3
BANKNIFTY,2023-04-24,2023-05-25,CE,42600.0,729.95,2650.0,25375.0,42635.75,31,42635.75,35.75,1
BANKNIFTY,2023-04-25,2023-05-25,CE,42700.0,677.8,3536.0,35700.0,,30,42678.5,21.5,0
BANKNIFTY,2023-04-26,2023-05-25,CE,42800.0,686.8,5543.0,72300.0,42829.9,29,42829.9,29.900000000001455,1
BANKNIFTY,2023-04-27,2023-05-25,CE,43000.0,613.2,54271.0,1291450.0,,28,43000.85,0.8499999999985448,2
BANKNIFTY,2023-04-28,2023-05-25,CE,43200.0,587.85,6466.0,55075.0,43233.9,27,43233.9,33.900000000001455,3
BANKNIFTY,2023-05-02,2023-06-01,CE,43400.0,1029.9,,,,30,43352.1,47.900000000001455,0
BANKNIFTY,2023-05-03,2023-06-01,CE,43300.0,1069.7,,,43312.7,29,43312.7,12.69999999999709,1
BANKNIFTY,2023-05-04,2023-06-01,CE,43700.0,916.9,,,,28,43685.45,14.55000000000291,2
BANKNIFTY,2023-05-05,2023-06-01,CE,42700.0,1081.55,,2400.0,42661.2,27,42661.2,38.80000000000291,3
BANKNIFTY,2023-05-08,2023-06-08,CE,43300.0,1630.0,,,43284.0,31,43284.0,16.0,1
BANKNIFTY,2023-05-09,2023-06-08,CE,43200.0,1687.4,,,43198.15,30,43198.15,1.8499999999985448,0
BANKNIFTY,2023-05-10,2023-06-08,CE,43300.0,1630.0,,,43331.05,29,43331.05,31.05000000000291,1
BANKNIFTY,2023-05-11,2023-06-08,CE,43500.0,1518.95,,,43475.3,28,43475.3,24.69999999999709,2
BANKNIFTY,2023-05-12,2023-06-08,CE,43800.0,1141.15,2.0,50.0,,27,43793.55,6.44999999999709,3
BANKNIFTY,2023-05-15,2023-06-15,CE,44100.0,1245.25,1.0,25.0,44072.1,31,44072.1,27.900000000001455,1
BANKNIFTY,2023-05-16,2023-06-15,CE,43900.0,703.05,,50.0,43903.7,30,43903.7,3.6999999999970896,0
BANKNIFTY,2023-05-17,2023-06-15,CE,43700.0,921.3,,25.0,43698.7,29,43698.7,1.3000000000029104,1
BANKNIFTY,2023-05-18,2023-06-15,CE,43800.0,1253.45,,,43752.3,28,43752.3,47.69999999999709,2
BANKNIFTY,2023-05-19,2023-06-15,CE,44000.0,633.0,411.0,3975.0,,27,43969.4,30.599999999998545,3
BANKNIFTY,2023-05-22,2023-06-22,CE,43900.0,1336.15,,,43885.1,31,43885.1,14.900000000001455,1
BANKNIFTY,2023-05-23,2023-06-22,CE,44000.0,693.35,215.0,5900.0,43954.45,30,43954.45,45.55000000000291,0
BANKNIFTY,2023-05-24,2023-06-22,CE,43700.0,1439.0,,,43677.85,29,43677.85,22.150000000001455,1
BANKNIFTY,2023-05-25,2023-06-22,CE,43700.0,1439.0,,,,28,43681.4,18.599999999998545,2
BANKNIFTY,2023-05-26,2023-06-22,CE,44000.0,631.4,520.0,9725.0,44018.0,27,44018.0,18.0,3
BANKNIFTY,2023-05-29,2023-06-29,CE,44300.0,673.15,10546.0,47275.0,,31,44311.9,11.900000000001455,1
BANKNIFTY,2023-05-30,2023-06-29,CE,44400.0,643.4,14361.0,99700.0,44436.35,30,44436.35,36.349999999998545,0
BANKNIFTY,2023-05-31,2023-06-29,CE,44100.0,679.8,15985.0,69700.0,44128.15,29,44128.15,28.150000000001455,1
BANKNIFTY,2023-06-01,2023-06-29,CE,43800.0,686.6,6280.0,77175.0,,28,43790.2,9.80000000000291,2
BANKNIFTY,2023-06-02,2023-06-29,CE,43900.0,677.8,12985.0,70800.0,,27,43937.85,37.849999999998545,3
BANKNIFTY,2023-06-05,2023-07-06,CE,44100.0,1229.85,,,,31,44101.65,1.6500000000014552,1
BANKNIFTY,2023-06-06,2023-07-06,CE,44200.0,656.05,5.0,50.0,,30,44164.55,35.44999999999709,0
BANKNIFTY,2023-06-07,2023-07-06,CE,44300.0,1136.1,,,44275.3,29,44275.3,24.69999999999709,1
BANKNIFTY,2023-06-08,2023-07-06,CE,44000.0,695.65,108.0,1925.0,,28,43995.25,4.75,2
BANKNIFTY,2023-06-09,2023-07-06,CE,44000.0,645.6,285.0,3000.0,,27,43989.0,11.0,3
BANKNIFTY,2023-06-12,2023-07-13,CE,43900.0,1429.55,,,43944.2,31,43944.2,44.19999999999709,1
BANKNIFTY,2023-06-13,2023-07-13,CE,44100.0,1325.35,,,44079.85,30,44079.85,20.150000000001455,0
BANKNIFTY,2023-06-14,2023-07-13,CE,44000.0,1376.8,,,43988.0,29,43988.0,12.0,1
BANKNIFTY,2023-06-15,2023-07-13,CE,43400.0,1636.0,1.0,25.0,,28,43443.6,43.599999999998545,2
BANKNIFTY,2023-06-16,2023-07-13,CE,43900.0,761.15,20.0,375.0,,27,43938.15,38.150000000001455,3
BANKNIFTY,2023-06-19,2023-07-20,CE,43600.0,1267.75,,,43633.75,31,43633.75,33.75,1
BANKNIFTY,2023-06-20,2023-07-20,CE,43800.0,1169.9,,,43766.5,30,43766.5,33.5,0
BANKNIFTY,2023-06-21,2023-07-20,CE,43900.0,1172.35,1.0,25.0,43859.2,29,43859.2,40.80000000000291,1
BANKNIFTY,2023-06-22,2023-07-20,CE,43700.0,756.35,27.0,975.0,43724.85,28,43724.85,24.849999999998545,2
BANKNIFTY,2023-06-23,2023-07-20,CE,43600.0,679.0,57.0,625.0,,27,43622.9,22.900000000001455,3
BANKNIFTY,2023-06-26,2023-07-27,CE,43600.0,725.35,5857.0,25545.0,43641.05,31,43641.05,41.05000000000291,1
BANKNIFTY,2023-06-27,2023-07-27,CE,44100.0,635.45,3172.0,26445.0,44121.5,30,44121.5,21.5,0
BANKNIFTY,2023-06-28,2023-07-27,CE,44300.0,662.3,14512.0,40665.0,44327.8,29,44327.8,27.80000000000291,1
BANKNIFTY,2023-06-30,2023-07-27,CE,44700.0,644.55,23780.0,62265.0,,27,44747.35,47.349999999998545,3
BANKNIFTY,2023-07-03,2023-08-03,CE,45200.0,848.05,,,45158.1,31,45158.1,41.900000000001455,1
BANKNIFTY,2023-07-04,2023-08-03,CE,45300.0,747.3,61.0,420.0,45301.45,30,45301.45,1.4499999999970896,0
BANKNIFTY,2023-07-05,2023-08-03,CE,45200.0,950.0,,,45151.8,29,45151.8,48.19999999999709,1
BANKNIFTY,2023-07-06,2023-08-03,CE,45300.0,711.75,204.0,1050.0,,28,45339.9,39.900000000001455,2
BANKNIFTY,2023-07-07,2023-08-03,CE,44900.0,958.9,,,,27,44925.0,25.0,3
BANKNIFTY,2023-07-10,2023-08-10,CE,44900.0,1621.7,,,44860.85,31,44860.85,39.150000000001455,1
BANKNIFTY,2023-07-11,2023-08-10,CE,44700.0,1740.2,,,44745.05,30,44745.05,45.05000000000291,0
BANKNIFTY,2023-07-12,2023-08-10,CE,44600.0,1801.35,,,44639.45,29,44639.45,39.44999999999709,1
BANKNIFTY,2023-07-13,2023-08-10,CE,44700.0,1740.2,,,44665.05,28,44665.05,34.94999999999709,2
BANKNIFTY,2023-07-14,2023-08-10,CE,44800.0,666.0,11.0,1050.0,,27,44819.3,19.30000000000291,3
BANKNIFTY,2023-07-17,2023-08-17,CE,45400.0,722.2,2.0,15.0,45449.75,31,45449.75,49.75,1
BANKNIFTY,2023-07-18,2023-08-17,CE,45400.0,691.1,14.0,120.0,45410.85,30,45410.85,10.849999999998545,0
BANKNIFTY,2023-07-19,2023-08-17,CE,45700.0,873.7,,,45669.3,29,45669.3,30.69999999999709,1
BANKNIFTY,2023-07-20,2023-08-17,CE,46200.0,694.3,,,46186.9,28,46186.9,13.099999999998545,2
BANKNIFTY,2023-07-21,2023-08-17,CE,46100.0,727.75,,,,27,46075.2,24.80000000000291,3
BANKNIFTY,2023-07-24,2023-08-24,CE,45900.0,1538.8,,,45923.05,31,45923.05,23.05000000000291,1
BANKNIFTY,2023-07-25,2023-08-24,CE,45800.0,702.9,4.0,60.0,45845.0,30,45845.0,45.0,0
BANKNIFTY,2023-07-26,2023-08-24,CE,46100.0,1429.1,,,46062.35,29,46062.35,37.650000000001455,1
BANKNIFTY,2023-07-27,2023-08-24,CE,45700.0,763.8,12.0,135.0,45679.3,28,45679.3,20.69999999999709,2
BANKNIFTY,2023-07-28,2023-08-24,CE,45500.0,666.8,391.0,2640.0,,27,45468.1,31.900000000001455,3
BANKNIFTY,2023-07-31,2023-08-31,CE,45700.0,702.85,13640.0,78405.0,45651.1,31,45651.1,48.900000000001455,1
BANKNIFTY,2023-08-01,2023-08-31,CE,45600.0,678.05,15955.0,99705.0,45592.5,30,45592.5,7.5,0
BANKNIFTY,2023-08-02,2023-08-31,CE,45000.0,672.75,107193.0,429435.0,44995.7,29,44995.7,4.30000000000291,1
BANKNIFTY,2023-08-03,2023-08-31,CE,44500.0,702.3,93462.0,415650.0,44513.45,28,44513.45,13.44999999999709,2
BANKNIFTY,2023-08-04,2023-08-31,CE,44900.0,599.2,18120.0,40830.0,44879.5,27,44879.5,20.5,3
BANKNIFTY,2023-08-07,2023-09-07,CE,44800.0,1168.75,,,,31,44837.5,37.5,1
BANKNIFTY,2023-08-08,2023-09-07,CE,45000.0,1074.2,,,44964.45,30,44964.45,35.55000000000291,0
BANKNIFTY,2023-08-09,2023-09-07,CE,44900.0,675.55,61.0,930.0,44880.7,29,44880.7,19.30000000000291,1
BANKNIFTY,2023-08-10,2023-09-07,CE,44500.0,748.0,466.0,2340.0,44541.8,28,44541.8,41.80000000000291,2
BANKNIFTY,2023-08-11,2023-09-07,CE,44200.0,1485.15,,,44199.1,27,44199.1,0.9000000000014552,3
BANKNIFTY,2023-08-14,2023-09-14,CE,44100.0,762.1,1.0,15.0,44090.95,31,44090.95,9.05000000000291,1
BANKNIFTY,2023-08-16,2023-09-14,CE,43900.0,707.2,8.0,45.0,43946.4,29,43946.4,46.400000000001455,1
BANKNIFTY,2023-08-17,2023-09-14,CE,43900.0,697.7,16.0,120.0,43891.35,28,43891.35,8.650000000001455,2
BANKNIFTY,2023-08-18,2023-09-14,CE,43900.0,638.45,60.0,390.0,43851.05,27,43851.05,48.94999999999709,3
BANKNIFTY,2023-08-21,2023-09-21,CE,44000.0,737.95,123.0,1140.0,44002.0,31,44002.0,2.0,1
BANKNIFTY,2023-08-22,2023-09-21,CE,44000.0,732.7,140.0,2010.0,,30,43993.25,6.75,0
BANKNIFTY,2023-08-23,2023-09-21,CE,44500.0,669.05,549.0,4125.0,44479.05,29,44479.05,20.94999999999709,1
BANKNIFTY,2023-08-24,2023-09-21,CE,44500.0,680.4,460.0,3210.0,44496.2,28,44496.2,3.8000000000029104,2
BANKNIFTY,2023-08-25,2023-09-21,CE,44200.0,639.7,62.0,1470.0,44231.45,27,44231.45,31.44999999999709,3
BANKNIFTY,2023-08-28,2023-09-28,CE,44500.0,730.4,24607.0,351060.0,44494.65,31,44494.65,5.349999999998545,1
BANKNIFTY,2023-08-29,2023-09-28,CE,44500.0,724.05,17983.0,376785.0,44495.25,30,44495.25,4.75,0
BANKNIFTY,2023-08-30,2023-09-28,CE,44200.0,744.15,2463.0,41175.0,44232.6,29,44232.6,32.599999999998545,1
BANKNIFTY,2023-08-31,2023-09-28,CE,44000.0,765.95,65811.0,431640.0,43989.15,28,43989.15,10.849999999998545,2
BANKNIFTY,2023-09-01,2023-09-28,CE,44400.0,664.8,12393.0,34440.0,44436.1,27,44436.1,36.099999999998545,3
BANKNIFTY,2023-09-04,2023-10-04,CE,44600.0,705.2,48.0,315.0,44578.3,30,44578.3,21.69999999999709,0
BANKNIFTY,2023-09-05,2023-10-04,CE,44500.0,748.05,40.0,1455.0,44532.15,29,44532.15,32.150000000001455,1
BANKNIFTY,2023-09-06,2023-10-04,CE,44400.0,708.35,185.0,450.0,44409.1,28,44409.1,9.099999999998545,2
BANKNIFTY,2023-09-07,2023-10-04,CE,44900.0,1222.4,,,44878.35,27,44878.35,21.650000000001455,3
BANKNIFTY,2023-09-08,2023-10-11,CE,45200.0,890.05,,,45156.4,33,45156.4,43.599999999998545,3
BANKNIFTY,2023-09-11,2023-10-11,CE,45600.0,734.4,,,45570.7,30,45570.7,29.30000000000291,0
BANKNIFTY,2023-09-12,2023-10-11,CE,45500.0,732.8,577.0,4920.0,45511.35,29,45511.35,11.349999999998545,1
BANKNIFTY,2023-09-13,2023-10-11,CE,45900.0,631.4,,,45909.45,28,45909.45,9.44999999999709,2
BANKNIFTY,2023-09-14,2023-10-11,CE,46000.0,733.25,154.0,1245.0,46000.85,27,46000.85,0.8499999999985448,3
BANKNIFTY,2023-09-15,2023-10-18,CE,46200.0,1150.75,,,46231.5,33,46231.5,31.5,3
BANKNIFTY,2023-09-18,2023-10-18,CE,46000.0,770.7,27.0,255.0,45979.85,30,45979.85,20.150000000001455,0
BANKNIFTY,2023-09-20,2023-10-18,CE,45400.0,794.6,2.0,15.0,45384.6,28,45384.6,15.400000000001455,2
BANKNIFTY,2023-09-21,2023-10-18,CE,44600.0,2105.9,,,44623.85,27,44623.85,23.849999999998545,3
BANKNIFTY,2023-09-22,2023-10-26,CE,44600.0,883.45,2626.0,11925.0,44612.05,34,44612.05,12.05000000000291,4
BANKNIFTY,2023-09-25,2023-10-26,CE,44800.0,815.5,9492.0,21630.0,44766.1,31,44766.1,33.900000000001455,1
BANKNIFTY,2023-09-26,2023-10-26,CE,44600.0,835.6,3051.0,22785.0,,30,44624.2,24.19999999999709,0
BANKNIFTY,2023-09-27,2023-10-26,CE,44600.0,818.15,7016.0,27210.0,44588.3,29,44588.3,11.69999999999709,1
BANKNIFTY,2023-09-28,2023-10-26,CE,44300.0,837.0,10955.0,99825.0,44300.95,28,44300.95,0.9499999999970896,2
BANKNIFTY,2023-09-29,2023-10-26,CE,44600.0,727.35,19550.0,75750.0,44584.55,27,44584.55,15.44999999999709,3
BANKNIFTY,2023-10-03,2023-11-01,CE,44400.0,799.4,12.0,210.0,44399.05,29,44399.05,0.9499999999970896,1
BANKNIFTY,2023-10-04,2023-11-01,CE,44000.0,782.1,447.0,2100.0,43964.05,28,43964.05,35.94999999999709,2
BANKNIFTY,2023-10-05,2023-11-01,CE,44200.0,731.65,119.0,810.0,44213.35,27,44213.35,13.349999999998545,3
BANKNIFTY,2023-10-06,2023-11-08,CE,44400.0,760.85,8.0,30.0,44360.6,33,44360.6,39.400000000001455,3
BANKNIFTY,2023-10-09,2023-11-08,CE,43900.0,1346.1,29.0,435.0,43886.5,30,43886.5,13.5,0
BANKNIFTY,2023-10-10,2023-11-08,CE,44400.0,700.0,5.0,90.0,44360.15,29,44360.15,39.849999999998545,1
BANKNIFTY,2023-10-11,2023-11-08,CE,44500.0,791.45,50.0,435.0,,28,44516.9,16.900000000001455,2
BANKNIFTY,2023-10-12,2023-11-08,CE,44600.0,740.4,42.0,405.0,44599.2,27,44599.2,0.8000000000029104,3
BANKNIFTY,2023-10-13,2023-11-15,CE,44300.0,1355.9,,,44287.95,33,44287.95,12.05000000000291,3
BANKNIFTY,2023-10-16,2023-11-15,CE,44200.0,831.0,4.0,75.0,44225.9,30,44225.9,25.900000000001455,0
BANKNIFTY,2023-10-17,2023-11-15,CE,44400.0,716.75,14.0,165.0,44409.5,29,44409.5,9.5,1
BANKNIFTY,2023-10-18,2023-11-15,CE,43900.0,847.9,40.0,495.0,43888.7,28,43888.7,11.30000000000291,2
BANKNIFTY,2023-10-19,2023-11-15,CE,43800.0,752.35,102.0,840.0,43754.5,27,43754.5,45.5,3
BANKNIFTY,2023-10-20,2023-11-22,CE,43700.0,1312.3,,,43723.05,33,43723.05,23.05000000000291,3
BANKNIFTY,2023-10-23,2023-11-22,CE,43200.0,1609.7,,,,30,43151.2,48.80000000000291,0
BANKNIFTY,2023-10-25,2023-11-22,CE,42800.0,1873.45,,,42832.0,28,42832.0,32.0,2
BANKNIFTY,2023-10-26,2023-11-22,CE,42300.0,2233.8,,,42280.15,27,42280.15,19.849999999998545,3
BANKNIFTY,2023-10-27,2023-11-30,CE,42800.0,774.3,14473.0,62610.0,,34,42782.0,18.0,4
BANKNIFTY,2023-10-30,2023-11-30,CE,43000.0,789.65,77672.0,494520.0,43039.15,31,43039.15,39.150000000001455,1
BANKNIFTY,2023-10-31,2023-11-30,CE,42800.0,776.5,9949.0,71970.0,42845.95,30,42845.95,45.94999999999709,0
BANKNIFTY,2023-11-01,2023-11-30,CE,42700.0,730.6,14963.0,50430.0,42700.95,29,42700.95,0.9499999999970896,1
BANKNIFTY,2023-11-02,2023-11-30,CE,43000.0,743.95,110593.0,555360.0,43017.2,28,43017.2,17.19999999999709,2
BANKNIFTY,2023-11-03,2023-11-30,CE,43300.0,650.65,18164.0,55830.0,43318.25,27,43318.25,18.25,3
BANKNIFTY,2023-11-06,2023-12-06,CE,43600.0,744.55,62.0,630.0,43619.4,30,43619.4,19.400000000001455,0
BANKNIFTY,2023-11-07,2023-12-06,CE,43700.0,730.0,5.0,30.0,43737.9,29,43737.9,37.900000000001455,1
BANKNIFTY,2023-11-08,2023-12-06,CE,43700.0,659.85,22.0,240.0,43658.65,28,43658.65,41.349999999998545,2
BANKNIFTY,2023-11-09,2023-12-06,CE,43700.0,704.3,119.0,1005.0,43683.6,27,43683.6,16.400000000001455,3
BANKNIFTY,2023-11-10,2023-12-13,CE,43800.0,1117.05,,,43820.1,33,43820.1,20.099999999998545,3
BANKNIFTY,2023-11-12,2023-12-13,CE,44000.0,717.25,5.0,45.0,,31,43996.65,3.349999999998545,1
BANKNIFTY,2023-11-13,2023-12-13,CE,43900.0,1066.7,,,,30,43891.25,8.75,0
BANKNIFTY,2023-11-15,2023-12-13,CE,44200.0,737.9,35.0,375.0,44201.7,28,44201.7,1.6999999999970896,2
BANKNIFTY,2023-11-16,2023-12-13,CE,44200.0,667.6,107.0,480.0,44161.55,27,44161.55,38.44999999999709,3
BANKNIFTY,2023-11-17,2023-12-20,CE,43600.0,1540.85,,,43583.95,33,43583.95,16.05000000000291,3
BANKNIFTY,2023-11-20,2023-12-20,CE,43600.0,855.7,45.0,675.0,,30,43584.95,15.05000000000291,0
BANKNIFTY,2023-11-21,2023-12-20,CE,43700.0,796.2,2.0,60.0,43689.15,29,43689.15,10.849999999998545,1
BANKNIFTY,2023-11-22,2023-12-20,CE,43400.0,793.05,11.0,1620.0,43449.6,28,43449.6,49.599999999998545,2
BANKNIFTY,2023-11-23,2023-12-20,CE,43600.0,732.05,27.0,1035.0,43577.5,27,43577.5,22.5,3
BANKNIFTY,2023-11-24,2023-12-28,CE,43800.0,759.1,5212.0,22530.0,43769.1,34,43769.1,30.900000000001455,4
BANKNIFTY,2023-11-28,2023-12-28,CE,43900.0,789.1,1836.0,15915.0,,30,43880.95,19.05000000000291,0
BANKNIFTY,2023-11-29,2023-12-28,CE,44600.0,794.3,5195.0,28650.0,44566.45,29,44566.45,33.55000000000291,1
BANKNIFTY,2023-11-30,2023-12-28,CE,44500.0,741.0,52395.0,395730.0,,28,44481.75,18.25,2
BANKNIFTY,2023-12-01,2023-12-28,CE,44800.0,742.0,21617.0,57615.0,44814.2,27,44814.2,14.19999999999709,3
BANKNIFTY,2023-12-04,2024-01-03,CE,46400.0,289.9,,,46431.4,30,46431.4,31.400000000001455,0
BANKNIFTY,2023-12-05,2024-01-03,CE,47000.0,823.75,1380.0,14805.0,47012.25,29,47012.25,12.25,1
BANKNIFTY,2023-12-06,2024-01-03,CE,46800.0,771.8,86.0,630.0,46834.55,28,46834.55,34.55000000000291,2
BANKNIFTY,2023-12-07,2024-01-03,CE,46800.0,829.9,206.0,1095.0,46841.4,27,46841.4,41.400000000001455,3
BANKNIFTY,2023-12-08,2024-01-10,CE,47300.0,1050.35,,,47262.0,33,47262.0,38.0,3
BANKNIFTY,2023-12-11,2024-01-10,CE,47300.0,974.35,40.0,540.0,,30,47314.25,14.25,0
BANKNIFTY,2023-12-12,2024-01-10,CE,47100.0,876.9,107.0,270.0,47097.55,29,47097.55,2.4499999999970896,1
BANKNIFTY,2023-12-13,2024-01-10,CE,47100.0,932.3,41.0,270.0,47092.25,28,47092.25,7.75,2
BANKNIFTY,2023-12-14,2024-01-10,CE,47700.0,969.15,10.0,75.0,47732.3,27,47732.3,32.30000000000291,3
BANKNIFTY,2023-12-15,2024-01-17,CE,48100.0,998.0,14.0,60.0,,33,48143.55,43.55000000000291,3
BANKNIFTY,2023-12-18,2024-01-17,CE,47900.0,954.25,47.0,675.0,47867.7,30,47867.7,32.30000000000291,0
BANKNIFTY,2023-12-19,2024-01-17,CE,47900.0,1014.2,51.0,1125.0,47870.9,29,47870.9,29.099999999998545,1
BANKNIFTY,2023-12-20,2024-01-17,CE,47400.0,1325.4,1.0,15.0,47445.3,28,47445.3,45.30000000000291,2
BANKNIFTY,2023-12-21,2024-01-17,CE,47800.0,1082.25,8.0,210.0,47840.15,27,47840.15,40.150000000001455,3
BANKNIFTY,2023-12-22,2024-01-25,CE,47500.0,1109.15,9074.0,129405.0,47491.85,34,47491.85,8.150000000001455,4
BANKNIFTY,2023-12-26,2024-01-25,CE,47700.0,1086.9,1935.0,17190.0,,30,47724.85,24.849999999998545,0
BANKNIFTY,2023-12-27,2024-01-25,CE,48300.0,1075.1,4619.0,24615.0,48282.2,29,48282.2,17.80000000000291,1
BANKNIFTY,2023-12-28,2024-01-25,CE,48500.0,1014.3,61537.0,335835.0,48508.55,28,48508.55,8.55000000000291,2
BANKNIFTY,2023-12-29,2024-01-25,CE,48300.0,958.4,13112.0,43020.0,48292.25,27,48292.25,7.75,3
BANKNIFTY,2024-01-01,2024-01-31,CE,48200.0,1059.25,323.0,2505.0,48234.3,30,48234.3,34.30000000000291,0
BANKNIFTY,2024-01-02,2024-01-31,CE,47800.0,928.25,343.0,1515.0,47761.65,29,47761.65,38.349999999998545,1
BANKNIFTY,2024-01-03,2024-01-31,CE,47700.0,965.55,1465.0,9870.0,47704.95,28,47704.95,4.94999999999709,2
BANKNIFTY,2024-01-04,2024-01-31,CE,48200.0,942.8,447.0,3570.0,48195.85,27,48195.85,4.150000000001455,3
BANKNIFTY,2024-01-05,2024-02-07,CE,48200.0,1033.4,,,48159.0,33,48159.0,41.0,3
BANKNIFTY,2024-01-08,2024-02-07,CE,47500.0,985.0,10.0,135.0,47450.25,30,47450.25,49.75,0
BANKNIFTY,2024-01-09,2024-02-07,CE,47200.0,1566.65,,,47242.65,29,47242.65,42.650000000001455,1
BANKNIFTY,2024-01-10,2024-02-07,CE,47400.0,1448.75,,,,28,47360.85,39.150000000001455,2
BANKNIFTY,2024-01-11,2024-02-07,CE,47400.0,931.5,39.0,255.0,47438.35,27,47438.35,38.349999999998545,3
BANKNIFTY,2024-01-12,2024-02-14,CE,47700.0,1094.3,,,,33,47709.8,9.80000000000291,3
BANKNIFTY,2024-01-15,2024-02-14,CE,48200.0,870.0,,,48158.3,30,48158.3,41.69999999999709,0
BANKNIFTY,2024-01-16,2024-02-14,CE,48100.0,1015.4,40.0,510.0,48125.1,29,48125.1,25.099999999998545,1
BANKNIFTY,2024-01-17,2024-02-14,CE,46100.0,2049.95,,,46064.45,28,46064.45,35.55000000000291,2
BANKNIFTY,2024-01-18,2024-02-14,CE,45700.0,1184.75,6.0,75.0,,27,45713.55,13.55000000000291,3
BANKNIFTY,2024-01-19,2024-02-21,CE,45700.0,1036.95,1.0,30.0,,33,45701.15,1.1500000000014552,3
BANKNIFTY,2024-01-20,2024-02-21,CE,46100.0,1156.8,4.0,375.0,46058.2,32,46058.2,41.80000000000291,2
BANKNIFTY,2024-01-23,2024-02-21,CE,45000.0,1118.15,25.0,330.0,,29,45015.05,15.05000000000291,1
BANKNIFTY,2024-01-24,2024-02-21,CE,45100.0,818.45,1.0,30.0,45082.4,28,45082.4,17.599999999998545,2
BANKNIFTY,2024-01-25,2024-02-21,CE,44900.0,1117.65,94.0,1230.0,44866.15,27,44866.15,33.849999999998545,3
BANKNIFTY,2024-01-29,2024-02-29,CE,45400.0,1144.25,8170.0,16335.0,,31,45442.35,42.349999999998545,1
BANKNIFTY,2024-01-30,2024-02-29,CE,45400.0,1120.95,6463.0,21195.0,45367.75,30,45367.75,32.25,0
BANKNIFTY,2024-01-31,2024-02-29,CE,46000.0,1117.5,71001.0,422100.0,,29,45996.8,3.1999999999970896,1
BANKNIFTY,2024-02-01,2024-02-29,CE,46200.0,975.75,22840.0,73095.0,46188.65,28,46188.65,11.349999999998545,2
BANKNIFTY,2024-02-02,2024-02-29,CE,46000.0,981.4,53143.0,454290.0,45970.95,27,45970.95,29.05000000000291,3
BANKNIFTY,2024-02-05,2024-03-06,CE,45800.0,1379.0,,,45825.55,30,45825.55,25.55000000000291,0
BANKNIFTY,2024-02-06,2024-03-06,CE,45700.0,1435.55,,,45690.8,29,45690.8,9.19999999999709,1
BANKNIFTY,2024-02-07,2024-03-06,CE,45800.0,1062.9,12.0,150.0,45818.5,28,45818.5,18.5,2
BANKNIFTY,2024-02-08,2024-03-06,CE,45000.0,1031.3,5.0,60.0,45012.0,27,45012.0,12.0,3
BANKNIFTY,2024-02-09,2024-03-13,CE,45600.0,1050.3,16.0,240.0,45634.55,33,45634.55,34.55000000000291,3
BANKNIFTY,2024-02-12,2024-03-13,CE,44900.0,1807.55,,,44882.25,30,44882.25,17.75,0
BANKNIFTY,2024-02-13,2024-03-13,CE,45500.0,1177.4,37.0,885.0,45502.4,29,45502.4,2.400000000001455,1
BANKNIFTY,2024-02-14,2024-03-13,CE,45900.0,680.0,,15.0,45908.3,28,45908.3,8.30000000000291,2
BANKNIFTY,2024-02-15,2024-03-13,CE,46200.0,1067.2,,,46218.9,27,46218.9,18.900000000001455,3
BANKNIFTY,2024-02-16,2024-03-20,CE,46400.0,1030.65,,,46384.85,33,46384.85,15.150000000001455,3
BANKNIFTY,2024-02-19,2024-03-20,CE,46500.0,985.25,,,46535.5,30,46535.5,35.5,0
BANKNIFTY,2024-02-20,2024-03-20,CE,47100.0,741.7,,,47094.2,29,47094.2,5.80000000000291,1
BANKNIFTY,2024-02-21,2024-03-20,CE,47000.0,1128.1,238.0,4620.0,47019.7,28,47019.7,19.69999999999709,2
BANKNIFTY,2024-02-22,2024-03-20,CE,46900.0,1113.25,179.0,2355.0,46919.8,27,46919.8,19.80000000000291,3
BANKNIFTY,2024-02-23,2024-03-28,CE,46800.0,1233.55,1627.0,33000.0,46811.75,34,46811.75,11.75,4
BANKNIFTY,2024-02-26,2024-03-28,CE,46600.0,1198.85,2417.0,9195.0,46576.5,31,46576.5,23.5,1
BANKNIFTY,2024-02-27,2024-03-28,CE,46600.0,1161.4,2288.0,14115.0,,30,46588.05,11.94999999999709,0
BANKNIFTY,2024-02-28,2024-03-28,CE,46000.0,1126.1,22741.0,157065.0,45963.15,29,45963.15,36.849999999998545,1
BANKNIFTY,2024-02-29,2024-03-28,CE,46100.0,1193.9,6645.0,33360.0,46120.9,28,46120.9,20.900000000001455,2
BANKNIFTY,2024-03-01,2024-04-03,CE,47300.0,662.0,,15.0,47286.9,33,47286.9,13.099999999998545,3
BANKNIFTY,2024-03-04,2024-04-03,CE,47500.0,1084.65,710.0,617475.0,47456.1,30,47456.1,43.900000000001455,0
BANKNIFTY,2024-03-05,2024-04-03,CE,47600.0,1130.85,223.0,534495.0,47581.0,29,47581.0,19.0,1
BANKNIFTY,2024-03-06,2024-04-03,CE,48000.0,986.6,19128.0,654945.0,47965.4,28,47965.4,34.599999999998545,2
BANKNIFTY,2024-03-07,2024-04-03,CE,47800.0,947.55,101.0,309030.0,,27,47835.8,35.80000000000291,3
BANKNIFTY,2024-03-11,2024-04-10,CE,47300.0,1149.95,10.0,90.0,47327.85,30,47327.85,27.849999999998545,0
BANKNIFTY,2024-03-12,2024-04-10,CE,47300.0,1204.2,48.0,210.0,47282.4,29,47282.4,17.599999999998545,1
BANKNIFTY,2024-03-13,2024-04-10,CE,47000.0,1000.0,3.0,45.0,,28,46981.3,18.69999999999709,2
BANKNIFTY,2024-03-14,2024-04-10,CE,46800.0,1069.85,232.0,1560.0,46789.95,27,46789.95,10.05000000000291,3
BANKNIFTY,2024-03-15,2024-04-16,CE,46600.0,1210.6,2.0,30.0,46594.1,32,46594.1,5.900000000001455,2
BANKNIFTY,2024-03-18,2024-04-16,CE,46600.0,1210.6,,30.0,,29,46575.9,24.099999999998545,1
BANKNIFTY,2024-03-19,2024-04-16,CE,46400.0,1055.65,7.0,255.0,46384.8,28,46384.8,15.19999999999709,2
BANKNIFTY,2024-03-20,2024-04-16,CE,46300.0,1110.45,7.0,90.0,46310.9,27,46310.9,10.900000000001455,3
BANKNIFTY,2024-03-21,2024-04-24,CE,46700.0,1156.05,1148.0,7605.0,46684.9,34,46684.9,15.099999999998545,4
BANKNIFTY,2024-03-22,2024-04-24,CE,46900.0,1053.95,1318.0,22890.0,46863.75,33,46863.75,36.25,3
BANKNIFTY,2024-03-26,2024-04-24,CE,46600.0,1107.3,1292.0,9960.0,46600.2,29,46600.2,0.19999999999708962,1
BANKNIFTY,2024-03-27,2024-04-24,CE,46800.0,994.95,10059.0,46170.0,46785.95,28,46785.95,14.05000000000291,2
BANKNIFTY,2024-03-28,2024-04-24,CE,47100.0,991.75,4658.0,20460.0,47124.6,27,47124.6,24.599999999998545,3
BANKNIFTY,2024-04-01,2024-04-30,CE,47600.0,987.75,270.0,2325.0,47578.25,29,47578.25,21.75,1
BANKNIFTY,2024-04-02,2024-04-30,CE,47500.0,1011.8,1844.0,20205.0,47545.45,28,47545.45,45.44999999999709,2
BANKNIFTY,2024-04-03,2024-04-30,CE,47600.0,916.0,1061.0,9510.0,47624.25,27,47624.25,24.25,3
BANKNIFTY,2024-04-04,2024-04-30,CE,48100.0,780.5,384.0,1680.0,,26,48060.8,39.19999999999709,4
BANKNIFTY,2024-04-05,2024-05-08,CE,48500.0,911.85,17.0,120.0,48493.05,33,48493.05,6.94999999999709,3
BANKNIFTY,2024-04-08,2024-05-08,CE,48600.0,854.45,20.0,75.0,48581.7,30,48581.7,18.30000000000291,0
BANKNIFTY,2024-04-09,2024-05-08,CE,48700.0,940.85,2.0,15.0,48730.55,29,48730.55,30.55000000000291,1
BANKNIFTY,2024-04-10,2024-05-08,CE,49000.0,747.3,347.0,3960.0,48986.6,28,48986.6,13.400000000001455,2
BANKNIFTY,2024-04-12,2024-05-15,CE,48600.0,980.0,12.0,135.0,,33,48564.55,35.44999999999709,3
BANKNIFTY,2024-04-15,2024-05-15,CE,47800.0,2011.7,,,47773.25,30,47773.25,26.75,0
BANKNIFTY,2024-04-16,2024-05-15,CE,47500.0,949.9,79.0,510.0,47484.8,29,47484.8,15.19999999999709,1
BANKNIFTY,2024-04-18,2024-05-15,CE,47100.0,2528.15,,,47069.45,27,47069.45,30.55000000000291,3
BANKNIFTY,2024-04-19,2024-05-22,CE,47600.0,1204.6,,,47574.15,33,47574.15,25.849999999998545,3
BANKNIFTY,2024-04-22,2024-05-22,CE,47900.0,568.6,,150.0,47924.9,30,47924.9,24.900000000001455,0
BANKNIFTY,2024-04-23,2024-05-22,CE,48000.0,793.3,218.0,7455.0,47970.45,29,47970.45,29.55000000000291,1
BANKNIFTY,2024-04-24,2024-05-22,CE,48200.0,770.55,94.0,690.0,48189.0,28,48189.0,11.0,2
BANKNIFTY,2024-04-25,2024-05-22,CE,48500.0,769.55,289.0,960.0,,27,48494.95,5.05000000000291,3
BANKNIFTY,2024-04-26,2024-05-29,CE,48200.0,922.65,3899.0,32790.0,48201.05,33,48201.05,1.0500000000029104,3
BANKNIFTY,2024-04-29,2024-05-29,CE,49400.0,882.45,6669.0,26490.0,49424.05,30,49424.05,24.05000000000291,0
BANKNIFTY,2024-04-30,2024-05-29,CE,49400.0,788.6,9147.0,37680.0,49396.75,29,49396.75,3.25,1
BANKNIFTY,2024-05-02,2024-05-29,CE,49200.0,871.5,7766.0,28455.0,,27,49231.05,31.05000000000291,3
BANKNIFTY,2024-05-03,2024-06-05,CE,48900.0,1471.0,2.0,30.0,48923.55,33,48923.55,23.55000000000291,3
BANKNIFTY,2024-05-06,2024-06-05,CE,48900.0,1555.0,3.0,30.0,48895.3,30,48895.3,4.69999999999709,0
BANKNIFTY,2024-05-07,2024-06-05,CE,48300.0,1410.0,25.0,330.0,48285.35,29,48285.35,14.650000000001455,1
BANKNIFTY,2024-05-08,2024-06-05,CE,48000.0,1374.6,317.0,4020.0,48021.1,28,48021.1,21.099999999998545,2
BANKNIFTY,2024-05-09,2024-06-05,CE,47500.0,1450.0,2.0,30.0,47487.9,27,47487.9,12.099999999998545,3
BANKNIFTY,2024-05-10,2024-06-12,CE,47400.0,1634.35,,,,33,47421.1,21.099999999998545,3
BANKNIFTY,2024-05-13,2024-06-12,CE,47800.0,1397.3,,,47754.1,30,47754.1,45.900000000001455,0
BANKNIFTY,2024-05-14,2024-06-12,CE,47900.0,1341.6,,,47859.45,29,47859.45,40.55000000000291,1
BANKNIFTY,2024-05-15,2024-06-12,CE,47700.0,1454.5,,,47687.45,28,47687.45,12.55000000000291,2
BANKNIFTY,2024-05-16,2024-06-12,CE,48000.0,1484.15,636.0,7635.0,,27,47977.05,22.94999999999709,3
BANKNIFTY,2024-05-17,2024-06-19,CE,48100.0,1602.25,176.0,450.0,48115.65,33,48115.65,15.650000000001455,3
BANKNIFTY,2024-05-18,2024-06-19,CE,48200.0,1569.0,113.0,7635.0,,32,48199.5,0.5,2
BANKNIFTY,2024-05-21,2024-06-19,CE,48000.0,1617.35,442.0,8865.0,48048.2,29,48048.2,48.19999999999709,1
BANKNIFTY,2024-05-22,2024-06-19,CE,47800.0,1580.0,7.0,990.0,47781.95,28,47781.95,18.05000000000291,2
BANKNIFTY,2024-05-23,2024-06-19,CE,48800.0,755.05,,,48768.6,27,48768.6,31.400000000001455,3
BANKNIFTY,2024-05-24,2024-06-26,CE,49000.0,1560.95,26830.0,244875.0,48971.65,33,48971.65,28.349999999998545,3
BANKNIFTY,2024-05-27,2024-06-26,CE,49300.0,1547.1,1303.0,7095.0,49281.8,30,49281.8,18.19999999999709,0
BANKNIFTY,2024-05-28,2024-06-26,CE,49100.0,1619.2,326.0,8040.0,49142.15,29,49142.15,42.150000000001455,1
BANKNIFTY,2024-05-29,2024-06-26,CE,48500.0,1643.9,13657.0,159825.0,48501.35,28,48501.35,1.3499999999985448,2
BANKNIFTY,2024-05-30,2024-06-26,CE,48700.0,1512.45,4841.0,18390.0,48682.35,27,48682.35,17.650000000001455,3
BANKNIFTY,2024-05-31,2024-07-03,CE,49000.0,1680.0,1.0,60.0,48983.95,33,48983.95,16.05000000000291,3
BANKNIFTY,2024-06-03,2024-07-03,CE,51000.0,1471.2,27.0,1335.0,50979.95,30,50979.95,20.05000000000291,0
BANKNIFTY,2024-06-04,2024-07-03,CE,46900.0,1913.8,,,46928.6,29,46928.6,28.599999999998545,1
BANKNIFTY,2024-06-05,2024-07-03,CE,49100.0,1190.6,,15.0,49054.6,28,49054.6,45.400000000001455,2
BANKNIFTY,2024-06-06,2024-07-03,CE,49300.0,1138.35,13.0,135.0,,27,49291.9,8.099999999998545,3
BANKNIFTY,2024-06-07,2024-07-10,CE,49800.0,1150.8,,,,33,49803.2,3.1999999999970896,3
BANKNIFTY,2024-06-10,2024-07-10,CE,49800.0,1271.5,75.0,1080.0,49780.9,30,49780.9,19.099999999998545,0
BANKNIFTY,2024-06-11,2024-07-10,CE,49700.0,1068.0,1.0,15.0,49705.75,29,49705.75,5.75,1
BANKNIFTY,2024-06-12,2024-07-10,CE,49900.0,950.0,44.0,330.0,49895.1,28,49895.1,4.900000000001455,2
BANKNIFTY,2024-06-13,2024-07-10,CE,49800.0,1006.95,12.0,1095.0,,27,49846.7,46.69999999999709,3
BANKNIFTY,2024-06-14,2024-07-16,CE,50000.0,900.0,20.0,195.0,,32,50002.0,2.0,2
BANKNIFTY,2024-06-18,2024-07-16,CE,50400.0,975.0,2.0,30.0,50440.9,28,50440.9,40.900000000001455,2
BANKNIFTY,2024-06-19,2024-07-16,CE,51400.0,886.7,,,51398.05,27,51398.05,1.9499999999970896,3
BANKNIFTY,2024-06-20,2024-07-16,CE,51800.0,893.7,3.0,30.0,51783.25,26,51783.25,16.75,4
BANKNIFTY,2024-06-21,2024-07-24,CE,51700.0,969.9,2.0,75.0,51661.45,33,51661.45,38.55000000000291,3
BANKNIFTY,2024-06-24,2024-07-24,CE,51700.0,990.95,9.0,165.0,51703.95,30,51703.95,3.9499999999970896,0
BANKNIFTY,2024-06-25,2024-07-24,CE,52600.0,971.3,5.0,45.0,52606.0,29,52606.0,6.0,1
BANKNIFTY,2024-06-26,2024-07-24,CE,52900.0,859.1,53.0,240.0,52870.5,28,52870.5,29.5,2
BANKNIFTY,2024-06-27,2024-07-24,CE,52800.0,948.85,200.0,900.0,52811.3,27,52811.3,11.30000000000291,3
BANKNIFTY,2024-06-28,2024-07-31,CE,52300.0,1072.7,1175.0,10290.0,52342.25,33,52342.25,42.25,3
BANKNIFTY,2024-07-01,2024-07-31,CE,52600.0,986.65,7411.0,39195.0,,30,52574.75,25.25,0
BANKNIFTY,2024-07-02,2024-07-31,CE,52200.0,993.75,8593.0,22410.0,52168.1,29,52168.1,31.900000000001455,1
BANKNIFTY,2024-07-03,2024-07-31,CE,53100.0,873.45,12604.0,40140.0,,28,53089.25,10.75,2
BANKNIFTY,2024-07-04,2024-07-31,CE,53100.0,889.95,10566.0,47940.0,53103.7,27,53103.7,3.6999999999970896,3
BANKNIFTY,2024-07-05,2024-08-07,CE,52700.0,1856.85,,,52660.35,33,52660.35,39.650000000001455,3
BANKNIFTY,2024-07-08,2024-08-07,CE,52400.0,1080.75,25.0,180.0,52425.8,30,52425.8,25.80000000000291,0
BANKNIFTY,2024-07-09,2024-08-07,CE,52600.0,1026.7,20.0,255.0,,29,52568.8,31.19999999999709,1
BANKNIFTY,2024-07-10,2024-08-07,CE,52200.0,1079.6,90.0,840.0,52189.3,28,52189.3,10.69999999999709,2
BANKNIFTY,2024-07-11,2024-08-07,CE,52300.0,1059.95,38.0,255.0,52270.65,27,52270.65,29.349999999998545,3
BANKNIFTY,2024-07-12,2024-08-14,CE,52300.0,1199.15,27.0,405.0,52278.9,33,52278.9,21.099999999998545,3
BANKNIFTY,2024-07-15,2024-08-14,CE,52500.0,1035.45,,45.0,,30,52455.9,44.099999999998545,0
BANKNIFTY,2024-07-16,2024-08-14,CE,52400.0,1159.75,6.0,1365.0,52396.8,29,52396.8,3.1999999999970896,1
BANKNIFTY,2024-07-18,2024-08-14,CE,52600.0,1097.05,17.0,630.0,52620.7,27,52620.7,20.69999999999709,3
BANKNIFTY,2024-07-19,2024-08-21,CE,52300.0,1232.4,2.0,30.0,52265.6,33,52265.6,34.400000000001455,3
BANKNIFTY,2024-07-22,2024-08-21,CE,52300.0,1198.0,3.0,75.0,52280.4,30,52280.4,19.599999999998545,0
BANKNIFTY,2024-07-23,2024-08-21,CE,51800.0,1936.1,,,51778.3,29,51778.3,21.69999999999709,1
BANKNIFTY,2024-07-24,2024-08-21,CE,51300.0,1372.0,1.0,15.0,51317.0,28,51317.0,17.0,2
BANKNIFTY,2024-07-25,2024-08-21,CE,50900.0,2510.45,,,50888.75,27,50888.75,11.25,3
BANKNIFTY,2024-07-26,2024-08-28,CE,51300.0,989.55,2240.0,12675.0,51295.95,33,51295.95,4.05000000000291,3
BANKNIFTY,2024-07-29,2024-08-28,CE,51400.0,1003.25,3562.0,10560.0,,30,51406.25,6.25,0
BANKNIFTY,2024-07-30,2024-08-28,CE,51500.0,1008.2,35405.0,225390.0,51499.3,29,51499.3,0.6999999999970896,1
BANKNIFTY,2024-07-31,2024-08-28,CE,51600.0,955.8,4396.0,21900.0,51553.4,28,51553.4,46.599999999998545,2
BANKNIFTY,2024-08-01,2024-08-28,CE,51600.0,889.35,6811.0,42600.0,51564.0,27,51564.0,36.0,3
BANKNIFTY,2024-08-02,2024-09-04,CE,51400.0,1008.25,14.0,60.0,51350.15,33,51350.15,49.849999999998545,3
BANKNIFTY,2024-08-05,2024-09-04,CE,50100.0,2442.85,,,50092.1,30,50092.1,7.900000000001455,0
BANKNIFTY,2024-08-06,2024-09-04,CE,49700.0,2711.05,,,49748.3,29,49748.3,48.30000000000291,1
BANKNIFTY,2024-08-07,2024-09-04,CE,50100.0,1140.3,33.0,135.0,50119.0,28,50119.0,19.0,2
BANKNIFTY,2024-08-08,2024-09-04,CE,50200.0,1003.4,67.0,825.0,,27,50156.7,43.30000000000291,3
BANKNIFTY,2024-08-09,2024-09-11,CE,50500.0,1052.55,16.0,120.0,50484.5,33,50484.5,15.5,3
BANKNIFTY,2024-08-12,2024-09-11,CE,50600.0,1272.35,,,50577.95,30,50577.95,22.05000000000291,0
BANKNIFTY,2024-08-13,2024-09-11,CE,49800.0,1684.6,,,49831.85,29,49831.85,31.849999999998545,1
BANKNIFTY,2024-08-14,2024-09-11,CE,49700.0,1107.6,11.0,90.0,49727.3,28,49727.3,27.30000000000291,2
BANKNIFTY,2024-08-16,2024-09-18,CE,50500.0,1089.2,10.0,105.0,50516.9,33,50516.9,16.900000000001455,3
BANKNIFTY,2024-08-19,2024-09-18,CE,50400.0,1039.6,,,50368.35,30,50368.35,31.650000000001455,0
BANKNIFTY,2024-08-20,2024-09-18,CE,50800.0,973.9,,,50803.15,29,50803.15,3.150000000001455,1
BANKNIFTY,2024-08-21,2024-09-18,CE,50700.0,955.25,54.0,270.0,50685.55,28,50685.55,14.44999999999709,2
BANKNIFTY,2024-08-22,2024-09-18,CE,51000.0,896.15,313.0,3645.0,,27,50985.7,14.30000000000291,3
BANKNIFTY,2024-08-23,2024-09-25,CE,50900.0,1036.55,811.0,11970.0,50933.45,33,50933.45,33.44999999999709,3
BANKNIFTY,2024-08-26,2024-09-25,CE,51100.0,1019.05,1659.0,8295.0,51148.1,30,51148.1,48.099999999998545,0
BANKNIFTY,2024-08-27,2024-09-25,CE,51300.0,902.9,5145.0,26025.0,51278.75,29,51278.75,21.25,1
BANKNIFTY,2024-08-28,2024-09-25,CE,51100.0,957.65,4575.0,20565.0,51143.85,28,51143.85,43.849999999998545,2
BANKNIFTY,2024-08-29,2024-09-25,CE,51200.0,914.8,11843.0,46020.0,51152.75,27,51152.75,47.25,3
BANKNIFTY,2024-08-30,2024-10-01,CE,51400.0,1018.3,39.0,315.0,51351.0,32,51351.0,49.0,2
BANKNIFTY,2024-09-02,2024-10-01,CE,51400.0,999.6,63.0,195.0,,29,51439.55,39.55000000000291,1
BANKNIFTY,2024-09-03,2024-10-01,CE,51700.0,937.75,36.0,420.0,51689.1,28,51689.1,10.900000000001455,2
BANKNIFTY,2024-09-04,2024-10-01,CE,51400.0,979.15,66.0,600.0,51400.25,27,51400.25,0.25,3
BANKNIFTY,2024-09-05,2024-10-01,CE,51500.0,950.2,350.0,4560.0,51473.05,26,51473.05,26.94999999999709,4
BANKNIFTY,2024-09-06,2024-10-09,CE,50600.0,1177.75,14.0,195.0,50576.85,33,50576.85,23.150000000001455,3
BANKNIFTY,2024-09-09,2024-10-09,CE,51100.0,876.25,2.0,60.0,51117.8,30,51117.8,17.80000000000291,0
BANKNIFTY,2024-09-10,2024-10-09,CE,51300.0,1179.25,,15.0,51272.3,29,51272.3,27.69999999999709,1
BANKNIFTY,2024-09-11,2024-10-09,CE,51000.0,984.75,200.0,1785.0,51010.0,28,51010.0,10.0,2
BANKNIFTY,2024-09-12,2024-10-09,CE,51800.0,692.5,,30.0,51772.4,27,51772.4,27.599999999998545,3
BANKNIFTY,2024-09-13,2024-10-16,CE,51900.0,1010.05,1.0,15.0,,33,51938.05,38.05000000000291,3
BANKNIFTY,2024-09-16,2024-10-16,CE,52200.0,930.0,4.0,45.0,,30,52153.15,46.849999999998545,0
BANKNIFTY,2024-09-17,2024-10-16,CE,52200.0,930.0,,45.0,52188.65,29,52188.65,11.349999999998545,1
BANKNIFTY,2024-09-18,2024-10-16,CE,52800.0,738.1,,,52750.4,28,52750.4,49.599999999998545,2
BANKNIFTY,2024-09-19,2024-10-16,CE,53000.0,944.5,65.0,450.0,53037.6,27,53037.6,37.599999999998545,3
BANKNIFTY,2024-09-20,2024-10-23,CE,53800.0,1045.1,,,53793.2,33,53793.2,6.80000000000291,3
BANKNIFTY,2024-09-23,2024-10-23,CE,54100.0,980.2,1.0,,54105.8,30,54105.8,5.80000000000291,0
BANKNIFTY,2024-09-24,2024-10-23,CE,54000.0,962.65,80.0,750.0,53968.6,29,53968.6,31.400000000001455,1
BANKNIFTY,2024-09-25,2024-10-23,CE,54100.0,873.9,1.0,45.0,54101.65,28,54101.65,1.6500000000014552,2
BANKNIFTY,2024-09-26,2024-10-23,CE,54400.0,821.25,,,54375.35,27,54375.35,24.650000000001455,3
BANKNIFTY,2024-09-27,2024-10-30,CE,53800.0,1044.75,2878.0,17355.0,53834.3,33,53834.3,34.30000000000291,3
BANKNIFTY,2024-09-30,2024-10-30,CE,53000.0,1065.85,40595.0,356985.0,,30,52978.1,21.900000000001455,0
BANKNIFTY,2024-10-01,2024-10-30,CE,52900.0,1047.05,2260.0,14955.0,52922.6,29,52922.6,22.599999999998545,1
BANKNIFTY,2024-10-03,2024-10-30,CE,51800.0,1146.35,4542.0,20940.0,51845.2,27,51845.2,45.19999999999709,3
BANKNIFTY,2024-10-04,2024-11-06,CE,51500.0,1183.15,3.0,45.0,51462.05,33,51462.05,37.94999999999709,3
BANKNIFTY,2024-10-07,2024-11-06,CE,50500.0,2108.35,1.0,15.0,50478.9,30,50478.9,21.099999999998545,0
BANKNIFTY,2024-10-08,2024-11-06,CE,51000.0,1228.8,38.0,270.0,51021.0,29,51021.0,21.0,1
BANKNIFTY,2024-10-09,2024-11-06,CE,51000.0,1168.3,184.0,1770.0,,28,51007.0,7.0,2
BANKNIFTY,2024-10-10,2024-11-06,CE,51500.0,1068.4,327.0,1860.0,,27,51530.9,30.900000000001455,3
BANKNIFTY,2024-10-11,2024-11-13,CE,51200.0,1292.9,1.0,15.0,,33,51172.3,27.69999999999709,3
BANKNIFTY,2024-10-14,2024-11-13,CE,51800.0,1106.55,,,,30,51816.9,16.900000000001455,0
BANKNIFTY,2024-10-15,2024-11-13,CE,51900.0,1063.9,,,,29,51906.0,6.0,1
BANKNIFTY,2024-10-16,2024-11-13,CE,51800.0,1136.9,31.0,330.0,,28,51801.05,1.0500000000029104,2
BANKNIFTY,2024-10-17,2024-11-13,CE,51300.0,1064.15,25.0,165.0,,27,51288.8,11.19999999999709,3
BANKNIFTY,2024-10-18,2024-11-13,CE,52100.0,982.2,,,,26,52094.2,5.80000000000291,4
BANKNIFTY,2024-10-21,2024-11-27,CE,52000.0,1168.4,20561.0,212805.0,,37,51962.7,37.30000000000291,7
BANKNIFTY,2024-10-22,2024-11-27,CE,51300.0,1290.85,95.0,3210.0,51257.15,36,51257.15,42.849999999998545,6
BANKNIFTY,2024-10-23,2024-11-27,CE,51200.0,1293.65,2966.0,27015.0,,35,51239.0,39.0,5
BANKNIFTY,2024-10-24,2024-11-27,CE,51500.0,1242.1,7794.0,121560.0,51531.15,34,51531.15,31.150000000001455,4
BANKNIFTY,2024-10-25,2024-11-27,CE,50800.0,1197.9,909.0,4050.0,50787.45,33,50787.45,12.55000000000291,3
BANKNIFTY,2024-10-28,2024-11-27,CE,51300.0,1145.7,2585.0,20985.0,51259.3,30,51259.3,40.69999999999709,0
BANKNIFTY,2024-10-29,2024-11-27,CE,52300.0,1095.95,2040.0,14475.0,52320.7,29,52320.7,20.69999999999709,1
BANKNIFTY,2024-10-30,2024-11-27,CE,51800.0,1190.35,4360.0,36570.0,51807.5,28,51807.5,7.5,2
BANKNIFTY,2024-10-31,2024-11-27,CE,51500.0,1218.85,14871.0,178815.0,,27,51475.35,24.650000000001455,3
BANKNIFTY,2024-11-01,2024-11-27,CE,51700.0,1064.1,773.0,27615.0,51673.9,26,51673.9,26.099999999998545,4
BANKNIFTY,2024-11-04,2024-11-27,CE,51200.0,1113.3,2553.0,20655.0,51215.25,23,51215.25,15.25,7
BANKNIFTY,2024-11-05,2024-11-27,CE,52200.0,939.15,5314.0,40170.0,52207.25,22,52207.25,7.25,8
BANKNIFTY,2024-11-06,2024-11-27,CE,52300.0,946.4,12371.0,56805.0,52317.4,21,52317.4,17.400000000001455,9
BANKNIFTY,2024-11-07,2024-11-27,CE,51900.0,897.45,7427.0,32430.0,,20,51916.5,16.5,10
BANKNIFTY,2024-11-14,2024-12-24,CE,50200.0,1241.0,1354.0,8910.0,,40,50179.55,20.44999999999709,10
BANKNIFTY,2024-11-18,2024-12-24,CE,50400.0,1172.6,1548.0,8490.0,,36,50363.8,36.19999999999709,6
BANKNIFTY,2024-11-19,2024-12-24,CE,50600.0,1110.4,1232.0,10665.0,,35,50626.5,26.5,5
BANKNIFTY,2024-11-21,2024-12-24,CE,50400.0,1162.8,5699.0,16545.0,,33,50372.9,27.099999999998545,3
BANKNIFTY,2024-11-22,2024-12-24,CE,51100.0,1143.7,7362.0,16230.0,51135.4,32,51135.4,35.400000000001455,2
BANKNIFTY,2024-11-25,2024-12-24,CE,52200.0,1038.0,21652.0,38235.0,52207.5,29,52207.5,7.5,1
BANKNIFTY,2024-11-26,2024-12-24,CE,52200.0,1033.4,17006.0,59610.0,52191.5,28,52191.5,8.5,2
BANKNIFTY,2024-11-27,2024-12-24,CE,52300.0,972.3,52878.0,151185.0,52301.8,27,52301.8,1.8000000000029104,3
BANKNIFTY,2024-11-28,2024-12-24,CE,51900.0,1088.65,79839.0,74835.0,51906.85,26,51906.85,6.849999999998545,4
BANKNIFTY,2024-11-29,2024-12-24,CE,52100.0,953.8,278069.0,209865.0,52055.6,25,52055.6,44.400000000001455,5
BANKNIFTY,2024-12-02,2024-12-24,CE,52100.0,969.6,271239.0,276885.0,,22,52109.0,9.0,8
BANKNIFTY,2024-12-03,2024-12-24,CE,52700.0,856.05,435703.0,614505.0,,21,52695.75,4.25,9
BANKNIFTY,2024-12-04,2024-12-24,CE,53300.0,810.95,360353.0,293250.0,,20,53266.9,33.099999999998545,10
BANKNIFTY,2024-12-20,2025-01-29,CE,50800.0,1302.0,2483.0,17400.0,,40,50759.2,40.80000000000291,10
BANKNIFTY,2024-12-23,2025-01-29,CE,51300.0,1211.85,13727.0,53745.0,51317.6,37,51317.6,17.599999999998545,7
BANKNIFTY,2024-12-24,2025-01-29,CE,51200.0,1186.95,51247.0,190890.0,51233.0,36,51233.0,33.0,6
BANKNIFTY,2024-12-26,2025-01-29,CE,51200.0,1132.8,174370.0,293220.0,51170.7,34,51170.7,29.30000000000291,4
BANKNIFTY,2024-12-27,2025-01-29,CE,51300.0,1112.3,151824.0,211995.0,51311.3,33,51311.3,11.30000000000291,3
BANKNIFTY,2024-12-30,2025-01-29,CE,51000.0,1111.65,226995.0,541305.0,50952.75,30,50952.75,47.25,0
BANKNIFTY,2024-12-31,2025-01-29,CE,50900.0,1112.9,116454.0,127845.0,50860.2,29,50860.2,39.80000000000291,1
BANKNIFTY,2025-01-01,2025-01-29,CE,51100.0,1083.25,186891.0,189315.0,51060.6,28,51060.6,39.400000000001455,2
BANKNIFTY,2025-01-02,2025-01-30,CE,51600.0,999.0,142440.0,226515.0,51605.55,28,51605.55,5.55000000000291,2
BANKNIFTY,2025-01-03,2025-01-30,CE,51000.0,1004.0,218479.0,816960.0,50988.8,27,50988.8,11.19999999999709,3
BANKNIFTY,2025-01-06,2025-01-30,CE,49900.0,1075.2,62236.0,74370.0,49922.0,24,49922.0,22.0,6
BANKNIFTY,2025-01-07,2025-01-30,CE,50200.0,967.7,214341.0,164130.0,50202.15,23,50202.15,2.150000000001455,7
BANKNIFTY,2025-01-08,2025-01-30,CE,49800.0,984.8,175295.0,156930.0,49835.05,22,49835.05,35.05000000000291,8
BANKNIFTY,2025-01-09,2025-01-30,CE,49500.0,961.7,307451.0,363720.0,49503.5,21,49503.5,3.5,9
BANKNIFTY,2025-01-10,2025-01-30,CE,48700.0,904.85,70683.0,130200.0,48734.15,20,48734.15,34.150000000001455,10
BANKNIFTY,2025-01-20,2025-02-27,CE,49400.0,1462.45,801.0,13170.0,49350.8,38,49350.8,49.19999999999709,8
BANKNIFTY,2025-01-21,2025-02-27,CE,48600.0,1517.5,892.0,34170.0,48570.9,37,48570.9,29.099999999998545,7
BANKNIFTY,2025-01-22,2025-02-27,CE,48700.0,1483.6,1484.0,15270.0,48724.4,36,48724.4,24.400000000001455,6
BANKNIFTY,2025-01-23,2025-02-27,CE,48600.0,1446.3,1821.0,44760.0,48589.0,35,48589.0,11.0,5
BANKNIFTY,2025-01-24,2025-02-27,CE,48400.0,1375.85,1443.0,12930.0,48367.8,34,48367.8,32.19999999999709,4
BANKNIFTY,2025-01-27,2025-02-27,CE,48100.0,1385.3,1511.0,9660.0,48064.65,31,48064.65,35.349999999998545,1
BANKNIFTY,2025-01-28,2025-02-27,CE,48900.0,1337.65,2345.0,21270.0,48866.85,30,48866.85,33.150000000001455,0
BANKNIFTY,2025-01-29,2025-02-27,CE,49200.0,1325.75,5890.0,98130.0,49165.95,29,49165.95,34.05000000000291,1
BANKNIFTY,2025-01-30,2025-02-27,CE,49300.0,1349.7,15855.0,91680.0,49311.95,28,49311.95,11.94999999999709,2
BANKNIFTY,2025-01-31,2025-02-27,CE,49600.0,1198.0,64652.0,153090.0,49587.2,27,49587.2,12.80000000000291,3
BANKNIFTY,2025-02-01,2025-02-27,CE,49500.0,1053.0,189310.0,455190.0,49506.95,26,49506.95,6.94999999999709,4
BANKNIFTY,2025-02-03,2025-02-27,CE,49200.0,1044.05,130297.0,239520.0,49210.55,24,49210.55,10.55000000000291,6
BANKNIFTY,2025-02-04,2025-02-27,CE,50200.0,879.8,83909.0,172110.0,50157.95,23,50157.95,42.05000000000291,7
BANKNIFTY,2025-02-05,2025-02-27,CE,50300.0,924.1,120800.0,198270.0,50343.05,22,50343.05,43.05000000000291,8
BANKNIFTY,2025-02-06,2025-02-27,CE,50400.0,917.9,113864.0,244020.0,50382.1,21,50382.1,17.900000000001455,9
BANKNIFTY,2025-02-07,2025-02-27,CE,50200.0,824.2,151723.0,243780.0,50158.85,20,50158.85,41.150000000001455,10
BANKNIFTY,2025-02-17,2025-03-27,CE,49300.0,1350.75,332.0,9780.0,49258.9,38,49258.9,41.099999999998545,8
BANKNIFTY,2025-02-18,2025-03-27,CE,49100.0,1298.45,958.0,12330.0,49087.3,37,49087.3,12.69999999999709,7
BANKNIFTY,2025-02-19,2025-03-27,CE,49600.0,1206.7,650.0,8220.0,49570.1,36,49570.1,29.900000000001455,6
BANKNIFTY,2025-02-20,2025-03-27,CE,49300.0,1251.1,1479.0,17130.0,49334.55,35,49334.55,34.55000000000291,5
BANKNIFTY,2025-02-21,2025-03-27,CE,49000.0,1153.1,19767.0,295530.0,48981.2,34,48981.2,18.80000000000291,4
BANKNIFTY,2025-02-24,2025-03-27,CE,48700.0,1137.25,3345.0,32550.0,48651.95,31,48651.95,48.05000000000291,1
BANKNIFTY,2025-02-25,2025-03-27,CE,48600.0,1089.0,5200.0,41190.0,48608.35,30,48608.35,8.349999999998545,0
BANKNIFTY,2025-02-27,2025-03-27,CE,48700.0,993.35,7328.0,84030.0,48743.8,28,48743.8,43.80000000000291,2
BANKNIFTY,2025-02-28,2025-03-27,CE,48300.0,1004.75,107929.0,141240.0,48344.7,27,48344.7,44.69999999999709,3
BANKNIFTY,2025-03-03,2025-03-27,CE,48100.0,933.95,84550.0,131340.0,48114.3,24,48114.3,14.30000000000291,6
BANKNIFTY,2025-03-04,2025-03-27,CE,48200.0,891.25,153005.0,152550.0,48245.2,23,48245.2,45.19999999999709,7
BANKNIFTY,2025-03-05,2025-03-27,CE,48500.0,832.15,261806.0,800730.0,48489.95,22,48489.95,10.05000000000291,8
BANKNIFTY,2025-03-06,2025-03-27,CE,48600.0,796.75,130801.0,304170.0,48627.7,21,48627.7,27.69999999999709,9
BANKNIFTY,2025-03-07,2025-03-27,CE,48500.0,761.45,277810.0,940920.0,48497.5,20,48497.5,2.5,10
BANKNIFTY,2025-03-17,2025-04-24,CE,48400.0,1142.45,1230.0,10590.0,48354.15,38,48354.15,45.849999999998545,8
BANKNIFTY,2025-03-18,2025-04-24,CE,49300.0,1144.6,1058.0,13110.0,49314.5,37,49314.5,14.5,7
BANKNIFTY,2025-03-19,2025-04-24,CE,49700.0,1127.25,1455.0,27960.0,49702.6,36,49702.6,2.599999999998545,6
BANKNIFTY,2025-03-20,2025-04-24,CE,50100.0,1020.85,1406.0,21750.0,50062.85,35,50062.85,37.150000000001455,5
BANKNIFTY,2025-03-21,2025-04-24,CE,50600.0,1016.15,2598.0,14400.0,50593.55,34,50593.55,6.44999999999709,4
BANKNIFTY,2025-03-24,2025-04-24,CE,51700.0,1036.7,7023.0,39540.0,51704.95,31,51704.95,4.94999999999709,1
BANKNIFTY,2025-03-25,2025-04-24,CE,51600.0,1033.4,3058.0,34230.0,51607.95,30,51607.95,7.94999999999709,0
BANKNIFTY,2025-03-26,2025-04-24,CE,51200.0,1041.9,3499.0,32670.0,51209.0,29,51209.0,9.0,1
BANKNIFTY,2025-03-27,2025-04-24,CE,51600.0,974.1,22385.0,127620.0,51575.85,28,51575.85,24.150000000001455,2
BANKNIFTY,2025-03-28,2025-04-24,CE,51600.0,871.3,139498.0,189720.0,,27,51564.85,35.150000000001455,3
BANKNIFTY,2025-04-01,2025-04-24,CE,50800.0,959.3,47819.0,144960.0,50827.5,23,50827.5,27.5,7
BANKNIFTY,2025-04-02,2025-04-24,CE,51300.0,877.65,97592.0,146070.0,51348.05,22,51348.05,48.05000000000291,8
BANKNIFTY,2025-04-03,2025-04-24,CE,51600.0,826.0,110787.0,279960.0,51597.35,21,51597.35,2.650000000001455,9
BANKNIFTY,2025-04-04,2025-04-24,CE,51500.0,745.25,209083.0,952020.0,51502.7,20,51502.7,2.6999999999970896,10
BANKNIFTY,2025-04-21,2025-05-29,CE,55300.0,1151.25,6507.0,92910.0,55304.5,38,55304.5,4.5,8
BANKNIFTY,2025-04-22,2025-05-29,CE,55600.0,1169.1,3882.0,25350.0,55647.2,37,55647.2,47.19999999999709,7
BANKNIFTY,2025-04-23,2025-05-29,CE,55400.0,1177.3,5170.0,55410.0,55370.05,36,55370.05,29.94999999999709,6
BANKNIFTY,2025-04-24,2025-05-29,CE,55200.0,1167.5,7586.0,95280.0,55201.4,35,55201.4,1.4000000000014552,5
BANKNIFTY,2025-04-25,2025-05-29,CE,54700.0,1137.35,52194.0,94320.0,54664.05,34,54664.05,35.94999999999709,4
BANKNIFTY,2025-04-28,2025-05-29,CE,55400.0,1225.35,67519.0,158520.0,55432.8,31,55432.8,32.80000000000291,1
BANKNIFTY,2025-04-29,2025-05-29,CE,55400.0,1171.6,61443.0,219600.0,55391.25,30,55391.25,8.75,0
BANKNIFTY,2025-04-30,2025-05-29,CE,55100.0,1217.8,45979.0,103200.0,55087.15,29,55087.15,12.849999999998545,1
BANKNIFTY,2025-05-02,2025-05-29,CE,55100.0,1138.65,51888.0,120780.0,55115.35,27,55115.35,15.349999999998545,3
BANKNIFTY,2025-05-05,2025-05-29,CE,54900.0,1086.45,48356.0,115680.0,54919.5,24,54919.5,19.5,6
BANKNIFTY,2025-05-06,2025-05-29,CE,54300.0,1006.15,17474.0,90090.0,54271.4,23,54271.4,28.599999999998545,7
BANKNIFTY,2025-05-07,2025-05-29,CE,54600.0,976.05,70283.0,136050.0,54610.9,22,54610.9,10.900000000001455,8
BANKNIFTY,2025-05-08,2025-05-29,CE,54400.0,972.9,27136.0,115950.0,54365.65,21,54365.65,34.349999999998545,9
BANKNIFTY,2025-05-09,2025-05-29,CE,53600.0,1066.55,41360.0,106980.0,53595.25,20,53595.25,4.75,10
BANKNIFTY,2025-05-19,2025-06-26,CE,55400.0,1284.95,814.0,11670.0,55420.7,38,55420.7,20.69999999999709,8
BANKNIFTY,2025-05-20,2025-06-26,CE,54900.0,1331.75,315.0,6120.0,54877.35,37,54877.35,22.650000000001455,7
BANKNIFTY,2025-05-21,2025-06-26,CE,55100.0,1260.1,899.0,9360.0,55075.1,36,55075.1,24.900000000001455,6
BANKNIFTY,2025-05-22,2025-06-26,CE,54900.0,1293.05,610.0,5880.0,54941.3,35,54941.3,41.30000000000291,5
BANKNIFTY,2025-05-23,2025-06-26,CE,55400.0,1242.65,1292.0,22380.0,55398.25,34,55398.25,1.75,4
BANKNIFTY,2025-05-26,2025-06-26,CE,55600.0,1248.95,1853.0,18690.0,55572.0,31,55572.0,28.0,1
BANKNIFTY,2025-05-27,2025-06-26,CE,55400.0,1299.6,4059.0,29700.0,55352.8,30,55352.8,47.19999999999709,0
BANKNIFTY,2025-05-28,2025-06-26,CE,55400.0,1253.65,6215.0,59970.0,55417.0,29,55417.0,17.0,1
BANKNIFTY,2025-05-29,2025-06-26,CE,55500.0,1144.0,46871.0,455850.0,55546.05,28,55546.05,46.05000000000291,2
BANKNIFTY,2025-05-30,2025-06-26,CE,55700.0,1164.2,56644.0,133650.0,55749.7,27,55749.7,49.69999999999709,3
BANKNIFTY,2025-06-02,2025-06-26,CE,55900.0,1127.35,49892.0,145320.0,55903.4,24,55903.4,3.400000000001455,6
BANKNIFTY,2025-06-03,2025-06-26,CE,55600.0,1104.5,34329.0,161190.0,55599.95,23,55599.95,0.05000000000291038,7
BANKNIFTY,2025-06-04,2025-06-26,CE,55700.0,1029.9,59028.0,224310.0,55676.85,22,55676.85,23.150000000001455,8
BANKNIFTY,2025-06-05,2025-06-26,CE,55800.0,951.1,89418.0,306930.0,55760.85,21,55760.85,39.150000000001455,9
BANKNIFTY,2025-06-06,2025-06-26,CE,56600.0,891.95,91369.0,186210.0,56578.4,20,56578.4,21.599999999998545,10
BANKNIFTY,2025-06-23,2025-07-31,CE,56100.0,1089.2,1409.0,20615.0,56059.35,38,56059.35,40.650000000001455,8
BANKNIFTY,2025-06-24,2025-07-31,CE,56500.0,1053.5,26436.0,304395.0,56461.9,37,56461.9,38.099999999998545,7
BANKNIFTY,2025-06-25,2025-07-31,CE,56600.0,1001.35,6282.0,79240.0,56621.15,36,56621.15,21.150000000001455,6
BANKNIFTY,2025-06-26,2025-07-31,CE,57200.0,933.1,11110.0,158095.0,57206.7,35,57206.7,6.69999999999709,5
BANKNIFTY,2025-06-27,2025-07-31,CE,57400.0,1007.15,44845.0,113750.0,57443.9,34,57443.9,43.900000000001455,4
BANKNIFTY,2025-06-30,2025-07-31,CE,57300.0,999.55,34185.0,131670.0,57312.75,31,57312.75,12.75,1
BANKNIFTY,2025-07-01,2025-07-31,CE,57500.0,949.5,95220.0,690340.0,57459.45,30,57459.45,40.55000000000291,0
BANKNIFTY,2025-07-02,2025-07-31,CE,57000.0,993.65,63479.0,919030.0,56999.2,29,56999.2,0.8000000000029104,1
BANKNIFTY,2025-07-03,2025-07-31,CE,56800.0,977.5,17230.0,108220.0,56791.95,28,56791.95,8.05000000000291,2
BANKNIFTY,2025-07-04,2025-07-31,CE,57000.0,930.05,127898.0,1092910.0,57031.9,27,57031.9,31.900000000001455,3
BANKNIFTY,2025-07-07,2025-07-31,CE,56900.0,911.0,48329.0,101115.0,56949.2,24,56949.2,49.19999999999709,6
BANKNIFTY,2025-07-08,2025-07-31,CE,57300.0,804.05,41866.0,266455.0,57256.3,23,57256.3,43.69999999999709,7
BANKNIFTY,2025-07-09,2025-07-31,CE,57200.0,792.4,81215.0,367710.0,57213.55,22,57213.55,13.55000000000291,8
BANKNIFTY,2025-07-10,2025-07-31,CE,57000.0,756.25,94762.0,1195985.0,56956.0,21,56956.0,44.0,9
BANKNIFTY,2025-07-11,2025-07-31,CE,56800.0,703.4,58919.0,180705.0,56754.7,20,56754.7,45.30000000000291,10
BANKNIFTY,2025-07-21,2025-08-28,CE,57000.0,868.25,29361.0,651770.0,56952.75,38,56952.75,47.25,8
BANKNIFTY,2025-07-22,2025-08-28,CE,56800.0,852.35,986.0,26670.0,56756.0,37,56756.0,44.0,7
BANKNIFTY,2025-07-23,2025-08-28,CE,57200.0,811.2,1379.0,30975.0,57210.45,36,57210.45,10.44999999999709,6
BANKNIFTY,2025-07-24,2025-08-28,CE,57100.0,817.15,1963.0,25865.0,57066.05,35,57066.05,33.94999999999709,5
BANKNIFTY,2025-07-25,2025-08-28,CE,56500.0,909.4,9396.0,154070.0,56528.9,34,56528.9,28.900000000001455,4
BANKNIFTY,2025-07-28,2025-08-28,CE,56100.0,902.3,1216.0,14630.0,56084.9,31,56084.9,15.099999999998545,1
BANKNIFTY,2025-07-29,2025-08-28,CE,56200.0,881.95,4105.0,36365.0,56222.0,30,56222.0,22.0,0
BANKNIFTY,2025-07-30,2025-08-28,CE,56200.0,782.45,8400.0,67305.0,56150.7,29,56150.7,49.30000000000291,1
BANKNIFTY,2025-07-31,2025-08-28,CE,56000.0,778.8,82921.0,537110.0,55961.95,28,55961.95,38.05000000000291,2
BANKNIFTY,2025-08-01,2025-08-28,CE,55600.0,804.65,14478.0,65765.0,55617.6,27,55617.6,17.599999999998545,3
BANKNIFTY,2025-08-04,2025-08-28,CE,55600.0,813.2,91846.0,181090.0,55619.35,24,55619.35,19.349999999998545,6
BANKNIFTY,2025-08-05,2025-08-28,CE,55400.0,722.15,51692.0,137375.0,55360.25,23,55360.25,39.75,7
BANKNIFTY,2025-08-06,2025-08-28,CE,55400.0,717.95,136138.0,178885.0,55411.15,22,55411.15,11.150000000001455,8
BANKNIFTY,2025-08-07,2025-08-28,CE,55500.0,709.45,131609.0,724920.0,55521.15,21,55521.15,21.150000000001455,9
BANKNIFTY,2025-08-08,2025-08-28,CE,55000.0,678.05,61477.0,508865.0,55004.9,20,55004.9,4.900000000001455,10
BANKNIFTY,2025-08-21,2025-09-30,CE,55800.0,976.8,1227.0,20790.0,55755.45,40,55755.45,44.55000000000291,10
BANKNIFTY,2025-08-22,2025-09-30,CE,55100.0,1050.3,379.0,7070.0,55149.4,39,55149.4,49.400000000001455,9
BANKNIFTY,2025-08-25,2025-09-30,CE,55100.0,991.4,1616.0,18760.0,55139.3,36,55139.3,39.30000000000291,6
BANKNIFTY,2025-08-26,2025-09-30,CE,54500.0,906.15,11813.0,141085.0,54450.45,35,54450.45,49.55000000000291,5
BANKNIFTY,2025-08-28,2025-09-30,CE,53800.0,1001.65,4029.0,46165.0,53820.35,33,53820.35,20.349999999998545,3
BANKNIFTY,2025-08-29,2025-09-30,CE,53700.0,926.9,13857.0,48230.0,53655.65,32,53655.65,44.349999999998545,2
BANKNIFTY,2025-09-01,2025-09-30,CE,54000.0,884.35,117158.0,901510.0,54002.45,29,54002.45,2.4499999999970896,1
BANKNIFTY,2025-09-02,2025-09-30,CE,53700.0,871.7,21111.0,84560.0,53661.0,28,53661.0,39.0,2
BANKNIFTY,2025-09-03,2025-09-30,CE,54100.0,799.45,38610.0,175315.0,54067.55,27,54067.55,32.44999999999709,3
BANKNIFTY,2025-09-04,2025-09-30,CE,54100.0,728.0,35561.0,186725.0,54075.45,26,54075.45,24.55000000000291,4
BANKNIFTY,2025-09-05,2025-09-30,CE,54100.0,737.3,66097.0,194705.0,54114.55,25,54114.55,14.55000000000291,5
BANKNIFTY,2025-09-08,2025-09-30,CE,54200.0,732.75,93510.0,197295.0,54186.9,22,54186.9,13.099999999998545,8
BANKNIFTY,2025-09-09,2025-09-30,CE,54200.0,700.35,96854.0,293930.0,54216.1,21,54216.1,16.099999999998545,9
BANKNIFTY,2025-09-10,2025-09-30,CE,54500.0,695.45,181913.0,819070.0,54536.0,20,54536.0,36.0,10
BANKNIFTY,2025-09-18,2025-10-28,CE,55700.0,978.8,948.0,13440.0,55727.45,40,55727.45,27.44999999999709,10
BANKNIFTY,2025-09-19,2025-10-28,CE,55500.0,967.0,4339.0,167790.0,55458.85,39,55458.85,41.150000000001455,9
BANKNIFTY,2025-09-22,2025-10-28,CE,55300.0,993.75,359.0,11165.0,55284.75,36,55284.75,15.25,6
BANKNIFTY,2025-09-23,2025-10-28,CE,55500.0,1012.55,7085.0,213885.0,55509.75,35,55509.75,9.75,5
BANKNIFTY,2025-09-24,2025-10-28,CE,55100.0,984.5,1277.0,15890.0,55121.5,34,55121.5,21.5,4
BANKNIFTY,2025-09-25,2025-10-28,CE,55000.0,979.2,8702.0,268730.0,54976.2,33,54976.2,23.80000000000291,3
BANKNIFTY,2025-09-26,2025-10-28,CE,54400.0,960.05,1310.0,17745.0,54389.35,32,54389.35,10.650000000001455,2
BANKNIFTY,2025-09-29,2025-10-28,CE,54500.0,916.5,22859.0,246855.0,54461.0,29,54461.0,39.0,1
BANKNIFTY,2025-09-30,2025-10-28,CE,54600.0,910.8,15753.0,106855.0,54635.85,28,54635.85,35.849999999998545,2
BANKNIFTY,2025-10-01,2025-10-28,CE,55300.0,842.55,69477.0,191905.0,55347.95,27,55347.95,47.94999999999709,3
BANKNIFTY,2025-10-03,2025-10-28,CE,55600.0,738.95,53635.0,232750.0,55589.25,25,55589.25,10.75,5
BANKNIFTY,2025-10-06,2025-10-28,CE,56100.0,675.3,67740.0,209825.0,56104.85,22,56104.85,4.849999999998545,8
BANKNIFTY,2025-10-07,2025-10-28,CE,56200.0,695.95,79277.0,181195.0,56239.35,21,56239.35,39.349999999998545,9
BANKNIFTY,2025-10-08,2025-10-28,CE,56000.0,664.2,154265.0,1144710.0,56018.25,20,56018.25,18.25,10
BANKNIFTY,2025-10-16,2025-11-25,CE,57400.0,1040.25,891.0,5740.0,57422.55,40,57422.55,22.55000000000291,10
BANKNIFTY,2025-10-17,2025-11-25,CE,57700.0,1054.1,1300.0,6615.0,57713.35,39,57713.35,13.349999999998545,9
BANKNIFTY,2025-10-20,2025-11-25,CE,58000.0,1004.0,12428.0,262045.0,58033.2,36,58033.2,33.19999999999709,6
BANKNIFTY,2025-10-21,2025-11-25,CE,58000.0,926.3,2288.0,276675.0,58007.2,35,58007.2,7.19999999999709,5
BANKNIFTY,2025-10-23,2025-11-25,CE,58100.0,920.35,1842.0,24080.0,58078.05,33,58078.05,21.94999999999709,3
BANKNIFTY,2025-10-24,2025-11-25,CE,57700.0,902.5,3238.0,34300.0,57699.6,32,57699.6,0.4000000000014552,2
BANKNIFTY,2025-10-27,2025-11-25,CE,58100.0,943.55,8703.0,55370.0,58114.25,29,58114.25,14.25,1
BANKNIFTY,2025-10-28,2025-11-25,CE,58200.0,910.15,25909.0,120855.0,58214.1,28,58214.1,14.099999999998545,2
BANKNIFTY,2025-10-29,2025-11-25,CE,58400.0,928.25,51377.0,141820.0,58385.25,27,58385.25,14.75,3
BANKNIFTY,2025-10-30,2025-11-25,CE,58000.0,953.25,51990.0,963760.0,58031.1,26,58031.1,31.099999999998545,4
BANKNIFTY,2025-10-31,2025-11-25,CE,57800.0,914.95,36025.0,78575.0,57776.35,25,57776.35,23.650000000001455,5
BANKNIFTY,2025-11-03,2025-11-25,CE,58100.0,858.0,64294.0,202230.0,58101.45,22,58101.45,1.4499999999970896,8
BANKNIFTY,2025-11-04,2025-11-25,CE,57800.0,849.75,33215.0,116830.0,57827.05,21,57827.05,27.05000000000291,9
BANKNIFTY,2025-11-20,2025-12-30,CE,59300.0,1082.3,1574.0,26460.0,59347.7,40,59347.7,47.69999999999709,10
BANKNIFTY,2025-11-21,2025-12-30,CE,58900.0,1042.4,2721.0,30415.0,58867.7,39,58867.7,32.30000000000291,9
BANKNIFTY,2025-11-24,2025-12-30,CE,58800.0,1047.05,1799.0,24815.0,58835.35,36,58835.35,35.349999999998545,6
BANKNIFTY,2025-11-25,2025-12-30,CE,58800.0,965.65,11086.0,72800.0,58820.3,35,58820.3,20.30000000000291,5
BANKNIFTY,2025-11-26,2025-12-30,CE,59500.0,954.95,109915.0,556325.0,59528.05,34,59528.05,28.05000000000291,4
BANKNIFTY,2025-11-27,2025-12-30,CE,59700.0,934.95,73477.0,141400.0,59737.3,33,59737.3,37.30000000000291,3
BANKNIFTY,2025-11-28,2025-12-30,CE,59800.0,877.3,65686.0,220325.0,59752.7,32,59752.7,47.30000000000291,2
BANKNIFTY,2025-12-01,2025-12-30,CE,59700.0,845.45,44909.0,196420.0,59681.35,29,59681.35,18.650000000001455,1
BANKNIFTY,2025-12-02,2025-12-30,CE,59300.0,910.35,18452.0,99680.0,59273.8,28,59273.8,26.19999999999709,2
BANKNIFTY,2025-12-03,2025-12-30,CE,59300.0,912.55,37372.0,118405.0,59348.25,27,59348.25,48.25,3
BANKNIFTY,2025-12-04,2025-12-30,CE,59300.0,843.1,60762.0,165480.0,59288.7,26,59288.7,11.30000000000291,4
BANKNIFTY,2025-12-05,2025-12-30,CE,59800.0,740.7,69412.0,303310.0,59777.2,25,59777.2,22.80000000000291,5
BANKNIFTY,2025-12-08,2025-12-30,CE,59200.0,830.95,29726.0,128590.0,59238.55,22,59238.55,38.55000000000291,8
BANKNIFTY,2025-12-09,2025-12-30,CE,59200.0,795.6,71284.0,178220.0,59222.35,21,59222.35,22.349999999998545,9
BANKNIFTY,2025-12-10,2025-12-30,CE,59000.0,735.7,95790.0,857850.0,58960.4,20,58960.4,39.599999999998545,10
BANKNIFTY,2025-12-18,2026-01-27,CE,58900.0,1141.55,727.0,8340.0,58912.85,40,58912.85,12.849999999998545,10
BANKNIFTY,2025-12-19,2026-01-27,CE,59100.0,1071.75,472.0,9570.0,59069.2,39,59069.2,30.80000000000291,9
BANKNIFTY,2025-12-22,2026-01-27,CE,59300.0,1035.1,1143.0,18510.0,59304.0,36,59304.0,4.0,6
BANKNIFTY,2025-12-23,2026-01-27,CE,59300.0,1030.1,1555.0,23520.0,59299.55,35,59299.55,0.4499999999970896,5
BANKNIFTY,2025-12-24,2026-01-27,CE,59200.0,985.5,1527.0,28800.0,59183.6,34,59183.6,16.400000000001455,4
BANKNIFTY,2025-12-26,2026-01-27,CE,59000.0,956.7,12747.0,290880.0,59011.35,32,59011.35,11.349999999998545,2
BANKNIFTY,2025-12-29,2026-01-27,CE,58900.0,934.3,4739.0,41310.0,58932.35,29,58932.35,32.349999999998545,1
BANKNIFTY,2025-12-30,2026-01-27,CE,59200.0,867.8,12234.0,101340.0,59171.25,28,59171.25,28.75,2
BANKNIFTY,2025-12-31,2026-01-27,CE,59600.0,779.05,37043.0,98760.0,59581.85,27,59581.85,18.150000000001455,3
