Symbol,Date,Expiry,Option type,Strike Price,Close,No. of contracts,Open Int,Underlying Value,DTE,Spot,Strike_Distance,DTE_Distance
BANKNIFTY,2021-01-01,2021-01-28,PE,31200.0,814.5,1329.0,16875.0,34684.0,27,31225.85,25.849999999998545,3
BANKNIFTY,2021-01-04,2021-02-04,PE,31200.0,3018.85,,,34684.0,31,31212.45,12.450000000000728,1
BANKNIFTY,2021-01-05,2021-02-04,PE,31700.0,3348.5,,,34684.0,30,31722.25,22.25,0
BANKNIFTY,2021-01-06,2021-02-04,PE,31800.0,3416.3,,,34684.0,29,31797.9,2.099999999998545,1
BANKNIFTY,2021-01-07,2021-02-04,PE,32000.0,3553.85,,,34684.0,28,31956.0,44.0,2
BANKNIFTY,2021-01-08,2021-02-04,PE,32100.0,850.0,,,34684.0,27,32084.2,15.799999999999272,3
BANKNIFTY,2021-01-11,2021-02-11,PE,32000.0,2902.35,,,34684.0,31,31998.9,1.0999999999985448,1
BANKNIFTY,2021-01-12,2021-02-11,PE,32300.0,3092.0,,,34684.0,30,32339.0,39.0,0
BANKNIFTY,2021-01-13,2021-02-11,PE,32600.0,3287.45,,,34684.0,29,32574.65,25.349999999998545,1
BANKNIFTY,2021-01-14,2021-02-11,PE,32500.0,3221.65,,,34684.0,28,32519.75,19.75,2
BANKNIFTY,2021-01-15,2021-02-11,PE,32200.0,3028.1,,,34684.0,27,32246.8,46.79999999999927,3
BANKNIFTY,2021-01-18,2021-02-18,PE,31800.0,2574.1,,,34684.0,31,31811.75,11.75,1
BANKNIFTY,2021-01-19,2021-02-18,PE,32400.0,2937.7,,,34684.0,30,32424.85,24.849999999998545,0
BANKNIFTY,2021-01-20,2021-02-18,PE,32500.0,3000.65,,,34684.0,29,32543.7,43.70000000000073,1
BANKNIFTY,2021-01-21,2021-02-18,PE,32200.0,2813.8,,,34684.0,28,32186.9,13.099999999998545,2
BANKNIFTY,2021-01-22,2021-02-18,PE,31200.0,1480.0,,,34684.0,27,31167.25,32.75,3
BANKNIFTY,2021-01-25,2021-02-25,PE,31200.0,1098.05,309.0,3575.0,34684.0,31,31198.4,1.5999999999985448,1
BANKNIFTY,2021-01-27,2021-02-25,PE,30300.0,1112.95,81.0,900.0,34684.0,29,30284.55,15.450000000000728,1
BANKNIFTY,2021-01-28,2021-02-25,PE,30400.0,1052.1,172.0,3550.0,34684.0,28,30358.3,41.70000000000073,2
BANKNIFTY,2021-01-29,2021-02-25,PE,30600.0,1037.1,1520.0,3725.0,34684.0,27,30565.5,34.5,3
BANKNIFTY,2021-02-01,2021-03-04,PE,33100.0,3717.55,,,34684.0,31,33089.05,10.94999999999709,1
BANKNIFTY,2021-02-02,2021-03-04,PE,34300.0,3938.45,,,34684.0,30,34267.9,32.099999999998545,0
BANKNIFTY,2021-02-03,2021-03-04,PE,34800.0,3847.5,,,34684.0,29,34758.45,41.55000000000291,1
BANKNIFTY,2021-02-04,2021-03-04,PE,35300.0,3739.9,,,34684.0,28,35344.8,44.80000000000291,2
BANKNIFTY,2021-02-05,2021-03-04,PE,35700.0,3157.65,,,34684.0,27,35654.5,45.5,3
BANKNIFTY,2021-02-08,2021-03-10,PE,36000.0,3488.9,,,34684.0,30,35983.65,16.349999999998545,0
BANKNIFTY,2021-02-09,2021-03-10,PE,36100.0,3564.65,,,34684.0,29,36056.5,43.5,1
BANKNIFTY,2021-02-10,2021-03-10,PE,35800.0,3338.15,,,34684.0,28,35783.1,16.900000000001455,2
BANKNIFTY,2021-02-11,2021-03-10,PE,35800.0,3338.15,,,34684.0,27,35752.1,47.900000000001455,3
BANKNIFTY,2021-02-12,2021-03-10,PE,36100.0,3564.65,,,34684.0,26,36108.9,8.900000000001455,4
BANKNIFTY,2021-02-15,2021-03-18,PE,37300.0,3797.05,,,34684.0,31,37306.25,6.25,1
BANKNIFTY,2021-02-16,2021-03-18,PE,37100.0,3651.95,,,34684.0,30,37098.4,1.5999999999985448,0
BANKNIFTY,2021-02-17,2021-03-18,PE,36900.0,3509.3,,,34684.0,29,36910.95,10.94999999999709,1
BANKNIFTY,2021-02-18,2021-03-18,PE,36600.0,3300.2,,,34684.0,28,36587.0,13.0,2
BANKNIFTY,2021-02-19,2021-03-18,PE,35800.0,3471.6,,,34684.0,27,35841.6,41.599999999998545,3
BANKNIFTY,2021-02-22,2021-03-25,PE,35300.0,1185.75,81.0,750.0,34684.0,31,35257.2,42.80000000000291,1
BANKNIFTY,2021-02-23,2021-03-25,PE,35100.0,1114.3,123.0,1725.0,34684.0,30,35116.95,16.94999999999709,0
BANKNIFTY,2021-02-24,2021-03-25,PE,36500.0,1120.3,1335.0,41250.0,34684.0,29,36452.3,47.69999999999709,1
BANKNIFTY,2021-02-25,2021-03-25,PE,36500.0,996.4,16746.0,149925.0,34684.0,28,36549.0,49.0,2
BANKNIFTY,2021-02-26,2021-03-25,PE,34800.0,1286.1,2401.0,10575.0,34684.0,27,34803.6,3.599999999998545,3
BANKNIFTY,2021-03-01,2021-04-01,PE,35300.0,3343.3,,,34684.0,31,35296.0,4.0,1
BANKNIFTY,2021-03-02,2021-04-01,PE,35400.0,3410.3,,,34684.0,30,35419.7,19.69999999999709,0
BANKNIFTY,2021-03-03,2021-04-01,PE,36400.0,3410.8,,,34684.0,29,36368.05,31.94999999999709,1
BANKNIFTY,2021-03-04,2021-04-01,PE,35800.0,3684.5,,,34684.0,28,35802.5,2.5,2
BANKNIFTY,2021-03-05,2021-04-01,PE,35200.0,1247.55,,12500.0,34684.0,27,35228.15,28.150000000001455,3
BANKNIFTY,2021-03-08,2021-04-08,PE,35300.0,1460.0,160.0,4000.0,34684.0,31,35275.75,24.25,1
BANKNIFTY,2021-03-09,2021-04-08,PE,35900.0,2618.1,,,34684.0,30,35865.65,34.349999999998545,0
BANKNIFTY,2021-03-10,2021-04-08,PE,35900.0,2618.1,,,34684.0,29,35938.3,38.30000000000291,1
BANKNIFTY,2021-03-12,2021-04-08,PE,35500.0,2402.45,,,34684.0,27,35496.65,3.349999999998545,3
BANKNIFTY,2021-03-15,2021-04-15,PE,35200.0,2049.15,,,34684.0,31,35182.55,17.44999999999709,1
BANKNIFTY,2021-03-16,2021-04-15,PE,34800.0,1862.45,,,34684.0,30,34804.6,4.599999999998545,0
BANKNIFTY,2021-03-17,2021-04-15,PE,34200.0,1602.15,,,34684.0,29,34229.25,29.25,1
BANKNIFTY,2021-03-18,2021-04-15,PE,33900.0,1480.95,,,34684.0,28,33856.8,43.19999999999709,2
BANKNIFTY,2021-03-19,2021-04-15,PE,34200.0,1602.15,,,34684.0,27,34161.6,38.400000000001455,3
BANKNIFTY,2021-03-22,2021-04-22,PE,33600.0,1110.5,,,34684.0,31,33603.45,3.4499999999970896,1
BANKNIFTY,2021-03-23,2021-04-22,PE,34200.0,1315.95,,,34684.0,30,34184.4,15.599999999998545,0
BANKNIFTY,2021-03-24,2021-04-22,PE,33300.0,1166.4,,,34684.0,29,33293.25,6.75,1
BANKNIFTY,2021-03-25,2021-04-22,PE,33000.0,1066.25,,,34684.0,28,33006.45,6.44999999999709,2
BANKNIFTY,2021-03-26,2021-04-22,PE,33300.0,1166.4,,,34684.0,27,33318.2,18.19999999999709,3
BANKNIFTY,2021-03-30,2021-04-29,PE,33900.0,1048.75,1204.0,4650.0,34684.0,30,33875.1,24.900000000001455,0
BANKNIFTY,2021-03-31,2021-04-29,PE,33300.0,1031.7,1614.0,9275.0,34684.0,29,33303.9,3.900000000001455,1
BANKNIFTY,2021-04-01,2021-04-29,PE,33900.0,858.0,606.0,6750.0,34684.0,28,33858.0,42.0,2
BANKNIFTY,2021-04-05,2021-05-06,PE,32700.0,1147.65,,,34684.0,31,32678.85,21.150000000001455,1
BANKNIFTY,2021-04-06,2021-05-06,PE,32500.0,966.8,20.0,,34684.0,30,32501.35,1.3499999999985448,0
BANKNIFTY,2021-04-07,2021-05-06,PE,33000.0,1136.6,,,34684.0,29,32991.2,8.80000000000291,1
BANKNIFTY,2021-04-08,2021-05-06,PE,32800.0,1071.35,,,34684.0,28,32782.85,17.150000000001455,2
BANKNIFTY,2021-04-09,2021-05-06,PE,32400.0,1047.75,,,34684.0,27,32448.05,48.04999999999927,3
BANKNIFTY,2021-04-12,2021-05-12,PE,30800.0,806.2,,,34684.0,30,30792.0,8.0,0
BANKNIFTY,2021-04-13,2021-05-12,PE,31800.0,906.15,,,34684.0,29,31771.6,28.400000000001455,1
BANKNIFTY,2021-04-15,2021-05-12,PE,32100.0,998.0,,,34684.0,27,32112.85,12.849999999998545,3
BANKNIFTY,2021-04-16,2021-05-20,PE,32000.0,1328.45,,,34684.0,34,31977.45,22.549999999999272,4
BANKNIFTY,2021-04-19,2021-05-20,PE,31200.0,1043.4,,,34684.0,31,31208.4,8.400000000001455,1
BANKNIFTY,2021-04-20,2021-05-20,PE,31100.0,1010.9,,,34684.0,30,31112.7,12.700000000000728,0
BANKNIFTY,2021-04-22,2021-05-20,PE,31800.0,1253.0,,,34684.0,28,31782.6,17.400000000001455,2
BANKNIFTY,2021-04-23,2021-05-20,PE,31700.0,1216.35,,,34684.0,27,31722.3,22.299999999999272,3
BANKNIFTY,2021-04-26,2021-05-27,PE,32300.0,1303.6,159.0,1425.0,34684.0,31,32275.15,24.849999999998545,1
BANKNIFTY,2021-04-27,2021-05-27,PE,32700.0,1220.3,109.0,1500.0,34684.0,30,32735.35,35.349999999998545,0
BANKNIFTY,2021-04-28,2021-05-27,PE,33700.0,1168.9,94.0,1150.0,34684.0,29,33722.8,22.80000000000291,1
BANKNIFTY,2021-04-29,2021-05-27,PE,33700.0,1188.55,732.0,6525.0,34684.0,28,33714.5,14.5,2
BANKNIFTY,2021-04-30,2021-05-27,PE,32800.0,1174.85,961.0,4475.0,34684.0,27,32781.8,18.19999999999709,3
BANKNIFTY,2021-05-03,2021-06-03,PE,32500.0,1460.95,,,34684.0,31,32465.75,34.25,1
BANKNIFTY,2021-05-04,2021-06-03,PE,32300.0,1379.3,,,34684.0,30,32270.35,29.650000000001455,0
BANKNIFTY,2021-05-05,2021-06-03,PE,32800.0,1588.85,,,34684.0,29,32783.7,16.30000000000291,1
BANKNIFTY,2021-05-06,2021-06-03,PE,32800.0,1588.85,,,34684.0,28,32827.8,27.80000000000291,2
BANKNIFTY,2021-05-07,2021-06-03,PE,32900.0,1633.0,,,34684.0,27,32904.5,4.5,3
BANKNIFTY,2021-05-10,2021-06-10,PE,33100.0,2239.75,,,34684.0,31,33142.4,42.400000000001455,1
BANKNIFTY,2021-05-11,2021-06-10,PE,32900.0,2133.7,,,34684.0,30,32872.2,27.80000000000291,0
BANKNIFTY,2021-05-12,2021-06-10,PE,32500.0,1930.4,,,34684.0,29,32452.3,47.70000000000073,1
BANKNIFTY,2021-05-14,2021-06-10,PE,32200.0,1785.45,,,34684.0,27,32169.55,30.450000000000728,3
BANKNIFTY,2021-05-17,2021-06-17,PE,33500.0,2838.25,,,34684.0,31,33459.25,40.75,1
BANKNIFTY,2021-05-18,2021-06-17,PE,33900.0,3088.6,,,34684.0,30,33922.4,22.400000000001455,0
BANKNIFTY,2021-05-19,2021-06-17,PE,33700.0,2962.1,,,34684.0,29,33685.2,14.80000000000291,1
BANKNIFTY,2021-05-20,2021-06-17,PE,33300.0,2717.1,,,34684.0,28,33334.55,34.55000000000291,2
BANKNIFTY,2021-05-21,2021-06-17,PE,34600.0,3551.25,,,34684.0,27,34606.9,6.900000000001455,3
BANKNIFTY,2021-05-24,2021-06-24,PE,34900.0,1054.75,548.0,2700.0,34684.0,31,34943.6,43.599999999998545,1
BANKNIFTY,2021-05-25,2021-06-24,PE,34700.0,1012.5,353.0,2425.0,34684.0,30,34662.0,38.0,0
BANKNIFTY,2021-05-26,2021-06-24,PE,34700.0,1025.45,458.0,2900.0,34684.0,29,34684.2,15.80000000000291,1
BANKNIFTY,2021-05-27,2021-06-24,PE,35100.0,1005.0,183.0,4550.0,34684.0,28,35095.05,4.94999999999709,2
BANKNIFTY,2021-05-28,2021-06-24,PE,35100.0,962.9,2251.0,13525.0,34684.0,27,35141.45,41.44999999999709,3
BANKNIFTY,2021-05-31,2021-07-01,PE,35500.0,3784.8,,,34684.0,31,35526.65,26.650000000001455,1
BANKNIFTY,2021-06-01,2021-07-01,PE,35300.0,3956.25,,,34684.0,30,35337.2,37.19999999999709,0
BANKNIFTY,2021-06-02,2021-07-01,PE,35400.0,3715.65,,,34684.0,29,35373.75,26.25,1
BANKNIFTY,2021-06-03,2021-07-01,PE,35600.0,3854.55,,,34684.0,28,35649.0,49.0,2
BANKNIFTY,2021-06-04,2021-07-01,PE,35300.0,3956.25,,,34684.0,27,35291.65,8.349999999998545,3
BANKNIFTY,2021-06-07,2021-07-08,PE,35400.0,3620.75,,,34684.0,31,35443.65,43.650000000001455,1
BANKNIFTY,2021-06-08,2021-07-08,PE,35100.0,3417.7,,,34684.0,30,35085.3,14.69999999999709,0
BANKNIFTY,2021-06-09,2021-07-08,PE,34800.0,3220.15,,,34684.0,29,34800.5,0.5,1
BANKNIFTY,2021-06-10,2021-07-08,PE,35100.0,3417.7,,,34684.0,28,35131.2,31.19999999999709,2
BANKNIFTY,2021-06-11,2021-07-08,PE,35000.0,3351.25,,,34684.0,27,35047.4,47.400000000001455,3
BANKNIFTY,2021-06-14,2021-07-15,PE,35000.0,3563.85,,,34684.0,31,34950.6,49.400000000001455,1
BANKNIFTY,2021-06-15,2021-07-15,PE,35200.0,3702.5,,,34684.0,30,35247.75,47.75,0
BANKNIFTY,2021-06-16,2021-07-15,PE,35000.0,3563.85,,,34684.0,29,35003.5,3.5,1
BANKNIFTY,2021-06-17,2021-07-15,PE,34600.0,3293.85,,,34684.0,28,34605.4,5.400000000001455,2
BANKNIFTY,2021-06-18,2021-07-15,PE,34600.0,3293.85,,,34684.0,27,34558.0,42.0,3
BANKNIFTY,2021-06-21,2021-07-22,PE,34900.0,2969.9,,,34684.0,31,34871.3,28.69999999999709,1
BANKNIFTY,2021-06-22,2021-07-22,PE,34700.0,2846.85,,,34684.0,30,34745.0,45.0,0
BANKNIFTY,2021-06-23,2021-07-22,PE,34600.0,2786.3,,,34684.0,29,34574.0,26.0,1
BANKNIFTY,2021-06-24,2021-07-22,PE,34800.0,2908.05,,,34684.0,28,34827.0,27.0,2
BANKNIFTY,2021-06-25,2021-07-22,PE,35400.0,3288.9,,,34684.0,27,35364.65,35.349999999998545,3
BANKNIFTY,2021-06-28,2021-07-29,PE,35400.0,731.5,3228.0,18600.0,34684.0,31,35359.45,40.55000000000291,1
BANKNIFTY,2021-06-29,2021-07-29,PE,35000.0,660.85,26181.0,305250.0,34684.0,30,35010.3,10.30000000000291,0
BANKNIFTY,2021-06-30,2021-07-29,PE,34800.0,667.1,2366.0,23450.0,34684.0,29,34772.2,27.80000000000291,1
BANKNIFTY,2021-07-01,2021-07-29,PE,34700.0,628.25,4170.0,20275.0,34684.0,28,34684.0,16.0,2
BANKNIFTY,2021-07-02,2021-07-29,PE,34800.0,590.0,5024.0,37625.0,34684.0,27,34809.9,9.900000000001455,3
BANKNIFTY,2021-07-05,2021-08-05,PE,35200.0,1969.15,,,34684.0,31,35212.0,12.0,1
BANKNIFTY,2021-07-06,2021-08-05,PE,35600.0,2167.45,,,34684.0,30,35579.15,20.849999999998545,0
BANKNIFTY,2021-07-07,2021-08-05,PE,35800.0,2270.8,,,34684.0,29,35771.3,28.69999999999709,1
BANKNIFTY,2021-07-08,2021-08-05,PE,35300.0,2017.75,,,34684.0,28,35274.1,25.900000000001455,2
BANKNIFTY,2021-07-09,2021-08-05,PE,35100.0,1921.25,,,34684.0,27,35071.95,28.05000000000291,3
BANKNIFTY,2021-07-12,2021-08-12,PE,35200.0,2172.15,,,34684.0,31,35198.9,1.0999999999985448,1
BANKNIFTY,2021-07-13,2021-08-12,PE,35700.0,2439.6,,,34684.0,30,35673.4,26.599999999998545,0
BANKNIFTY,2021-07-14,2021-08-12,PE,35700.0,2439.6,,,34684.0,29,35668.25,31.75,1
BANKNIFTY,2021-07-15,2021-08-12,PE,35900.0,2551.35,,,34684.0,28,35907.65,7.650000000001455,2
BANKNIFTY,2021-07-16,2021-08-12,PE,35800.0,2495.1,,,34684.0,27,35751.8,48.19999999999709,3
BANKNIFTY,2021-07-19,2021-08-18,PE,35100.0,2326.4,,,34684.0,30,35079.2,20.80000000000291,0
BANKNIFTY,2021-07-20,2021-08-18,PE,34400.0,1960.7,,,34684.0,29,34415.45,15.44999999999709,1
BANKNIFTY,2021-07-22,2021-08-18,PE,34700.0,2113.1,,,34684.0,27,34677.3,22.69999999999709,3
BANKNIFTY,2021-07-23,2021-08-26,PE,35000.0,640.1,10382.0,169275.0,34684.0,34,35034.4,34.400000000001455,4
BANKNIFTY,2021-07-26,2021-08-26,PE,34900.0,655.7,927.0,11475.0,34684.0,31,34949.7,49.69999999999709,1
BANKNIFTY,2021-07-27,2021-08-26,PE,34800.0,700.9,1512.0,18275.0,34684.0,30,34797.45,2.5500000000029104,0
BANKNIFTY,2021-07-28,2021-08-26,PE,34500.0,680.7,13509.0,153675.0,34684.0,29,34532.9,32.900000000001455,1
BANKNIFTY,2021-07-29,2021-08-26,PE,34700.0,622.55,5485.0,66900.0,34684.0,28,34691.5,8.5,2
BANKNIFTY,2021-07-30,2021-08-26,PE,34600.0,615.85,9969.0,78950.0,34684.0,27,34584.35,15.650000000001455,3
BANKNIFTY,2021-08-02,2021-09-02,PE,34700.0,2047.4,,,34684.0,31,34710.0,10.0,1
BANKNIFTY,2021-08-03,2021-09-02,PE,35200.0,2312.55,,,34684.0,30,35207.45,7.44999999999709,0
BANKNIFTY,2021-08-04,2021-09-02,PE,36000.0,2773.7,,,34684.0,29,36028.05,28.05000000000291,1
BANKNIFTY,2021-08-05,2021-09-02,PE,35800.0,2654.25,,,34684.0,28,35834.75,34.75,2
BANKNIFTY,2021-08-06,2021-09-02,PE,35800.0,2654.25,,,34684.0,27,35809.25,9.25,3
BANKNIFTY,2021-08-09,2021-09-09,PE,36000.0,2440.2,,,34684.0,31,36028.95,28.94999999999709,1
BANKNIFTY,2021-08-10,2021-09-09,PE,36000.0,2440.2,,,34684.0,30,36034.1,34.099999999998545,0
BANKNIFTY,2021-08-11,2021-09-09,PE,35800.0,2329.15,,,34684.0,29,35806.4,6.400000000001455,1
BANKNIFTY,2021-08-12,2021-09-09,PE,35900.0,2384.35,,,34684.0,28,35937.05,37.05000000000291,2
BANKNIFTY,2021-08-13,2021-09-09,PE,36200.0,2554.1,,,34684.0,27,36169.35,30.650000000001455,3
BANKNIFTY,2021-08-16,2021-09-16,PE,36100.0,2166.1,,,34684.0,31,36094.5,5.5,1
BANKNIFTY,2021-08-17,2021-09-16,PE,35900.0,2062.75,,,34684.0,30,35867.45,32.55000000000291,0
BANKNIFTY,2021-08-18,2021-09-16,PE,35600.0,1913.3,,,34684.0,29,35554.5,45.5,1
BANKNIFTY,2021-08-20,2021-09-16,PE,35000.0,550.0,1.0,25.0,34684.0,27,35033.85,33.849999999998545,3
BANKNIFTY,2021-08-23,2021-09-23,PE,35100.0,2208.25,,,34684.0,31,35124.4,24.400000000001455,1
BANKNIFTY,2021-08-24,2021-09-23,PE,35700.0,2546.15,,,34684.0,30,35712.1,12.099999999998545,0
BANKNIFTY,2021-08-25,2021-09-23,PE,35600.0,2488.05,,,34684.0,29,35586.25,13.75,1
BANKNIFTY,2021-08-26,2021-09-23,PE,35600.0,2488.05,,,34684.0,28,35617.55,17.55000000000291,2
BANKNIFTY,2021-08-27,2021-09-23,PE,35600.0,2488.05,,,34684.0,27,35627.8,27.80000000000291,3
BANKNIFTY,2021-08-30,2021-09-30,PE,36300.0,623.8,2901.0,28600.0,34684.0,31,36347.65,47.650000000001455,1
BANKNIFTY,2021-08-31,2021-09-30,PE,36400.0,679.05,5056.0,23500.0,34684.0,30,36424.6,24.599999999998545,0
BANKNIFTY,2021-09-01,2021-09-30,PE,36600.0,684.2,4516.0,25425.0,34684.0,29,36574.3,25.69999999999709,1
BANKNIFTY,2021-09-02,2021-09-30,PE,36800.0,636.1,3531.0,29800.0,34684.0,28,36831.3,31.30000000000291,2
BANKNIFTY,2021-09-03,2021-09-30,PE,36800.0,640.8,7188.0,34425.0,34684.0,27,36761.15,38.849999999998545,3
BANKNIFTY,2021-09-06,2021-10-07,PE,36600.0,621.0,,25.0,34684.0,31,36592.35,7.650000000001455,1
BANKNIFTY,2021-09-07,2021-10-07,PE,36500.0,687.95,7.0,125.0,34684.0,30,36468.8,31.19999999999709,0
BANKNIFTY,2021-09-08,2021-10-07,PE,36800.0,2539.7,,,34684.0,29,36768.2,31.80000000000291,1
BANKNIFTY,2021-09-09,2021-10-07,PE,36700.0,634.0,1.0,300.0,34684.0,28,36683.2,16.80000000000291,2
BANKNIFTY,2021-09-13,2021-10-14,PE,36500.0,2292.85,,,34684.0,31,36471.8,28.19999999999709,1
BANKNIFTY,2021-09-14,2021-10-14,PE,36600.0,2348.2,,,34684.0,30,36613.05,13.05000000000291,0
BANKNIFTY,2021-09-15,2021-10-14,PE,36900.0,2518.6,,,34684.0,29,36852.25,47.75,1
BANKNIFTY,2021-09-16,2021-10-14,PE,37700.0,3003.95,,,34684.0,28,37668.6,31.400000000001455,2
BANKNIFTY,2021-09-17,2021-10-14,PE,37800.0,3067.65,,,34684.0,27,37811.95,11.94999999999709,3
BANKNIFTY,2021-09-20,2021-10-21,PE,37100.0,2828.2,,,34684.0,31,37145.7,45.69999999999709,1
BANKNIFTY,2021-09-21,2021-10-21,PE,37200.0,2890.65,,,34684.0,30,37235.85,35.849999999998545,0
BANKNIFTY,2021-09-22,2021-10-21,PE,36900.0,2705.4,,,34684.0,29,36944.65,44.650000000001455,1
BANKNIFTY,2021-09-23,2021-10-21,PE,37800.0,3279.55,,,34684.0,28,37771.7,28.30000000000291,2
BANKNIFTY,2021-09-24,2021-10-21,PE,37800.0,3279.55,,,34684.0,27,37830.3,30.30000000000291,3
BANKNIFTY,2021-09-27,2021-10-28,PE,38200.0,907.85,1784.0,13350.0,34684.0,31,38171.25,28.75,1
BANKNIFTY,2021-09-28,2021-10-28,PE,37900.0,863.75,794.0,5675.0,34684.0,30,37945.0,45.0,0
BANKNIFTY,2021-09-29,2021-10-28,PE,37700.0,840.8,1767.0,19325.0,34684.0,29,37743.0,43.0,1
BANKNIFTY,2021-09-30,2021-10-28,PE,37400.0,835.25,918.0,9425.0,34684.0,28,37425.1,25.099999999998545,2
BANKNIFTY,2021-10-01,2021-10-28,PE,37200.0,777.7,3621.0,17625.0,34684.0,27,37225.9,25.900000000001455,3
BANKNIFTY,2021-10-04,2021-11-03,PE,37600.0,2383.75,,,34684.0,30,37579.65,20.349999999998545,0
BANKNIFTY,2021-10-05,2021-11-03,PE,37700.0,2440.5,,,34684.0,29,37741.0,41.0,1
BANKNIFTY,2021-10-06,2021-11-03,PE,37500.0,653.25,2.0,500.0,34684.0,28,37521.55,21.55000000000291,2
BANKNIFTY,2021-10-07,2021-11-03,PE,37800.0,767.35,1.0,25.0,34684.0,27,37753.2,46.80000000000291,3
BANKNIFTY,2021-10-08,2021-11-03,PE,37800.0,769.9,1.0,50.0,34684.0,26,37775.25,24.75,4
BANKNIFTY,2021-10-11,2021-11-11,PE,38300.0,2829.3,,,34684.0,31,38293.8,6.19999999999709,1
BANKNIFTY,2021-10-12,2021-11-11,PE,38500.0,2956.15,,,34684.0,30,38521.5,21.5,0
BANKNIFTY,2021-10-13,2021-11-11,PE,38600.0,3020.6,,,34684.0,29,38635.75,35.75,1
BANKNIFTY,2021-10-14,2021-11-11,PE,39300.0,3490.65,,,34684.0,28,39340.9,40.900000000001455,2
BANKNIFTY,2021-10-18,2021-11-18,PE,39700.0,3165.8,,,34684.0,31,39684.8,15.19999999999709,1
BANKNIFTY,2021-10-19,2021-11-18,PE,39500.0,3037.15,,,34684.0,30,39540.5,40.5,0
BANKNIFTY,2021-10-20,2021-11-18,PE,39500.0,3037.15,,,34684.0,29,39518.2,18.19999999999709,1
BANKNIFTY,2021-10-21,2021-11-18,PE,40000.0,3363.65,,,34684.0,28,40030.2,30.19999999999709,2
BANKNIFTY,2021-10-22,2021-11-18,PE,40300.0,3567.2,,,34684.0,27,40323.65,23.650000000001455,3
BANKNIFTY,2021-10-25,2021-11-25,PE,41200.0,889.5,1434.0,8725.0,34684.0,31,41192.4,7.599999999998545,1
BANKNIFTY,2021-10-26,2021-11-25,PE,41200.0,866.75,1231.0,9875.0,34684.0,30,41238.3,38.30000000000291,0
BANKNIFTY,2021-10-27,2021-11-25,PE,40900.0,874.35,471.0,5800.0,34684.0,29,40874.35,25.650000000001455,1
BANKNIFTY,2021-10-28,2021-11-25,PE,39500.0,873.75,20902.0,195350.0,34684.0,28,39508.95,8.94999999999709,2
BANKNIFTY,2021-10-29,2021-11-25,PE,39100.0,783.7,3634.0,10500.0,34684.0,27,39115.6,15.599999999998545,3
BANKNIFTY,2021-11-01,2021-12-02,PE,39800.0,3248.9,,,34684.0,31,39763.75,36.25,1
BANKNIFTY,2021-11-02,2021-12-02,PE,39900.0,3313.5,,,34684.0,30,39938.45,38.44999999999709,0
BANKNIFTY,2021-11-03,2021-12-02,PE,39400.0,2996.9,,,34684.0,29,39402.05,2.0500000000029104,1
BANKNIFTY,2021-11-04,2021-12-02,PE,39600.0,3121.6,,,34684.0,28,39573.7,26.30000000000291,2
BANKNIFTY,2021-11-08,2021-12-09,PE,39400.0,2874.8,,,34684.0,31,39438.25,38.25,1
BANKNIFTY,2021-11-09,2021-12-09,PE,39400.0,2874.8,,,34684.0,30,39368.8,31.19999999999709,0
BANKNIFTY,2021-11-10,2021-12-09,PE,39000.0,720.0,,50.0,34684.0,29,39023.25,23.25,1
BANKNIFTY,2021-11-11,2021-12-09,PE,38600.0,2397.1,,,34684.0,28,38560.2,39.80000000000291,2
BANKNIFTY,2021-11-12,2021-12-09,PE,38700.0,2454.3,,,34684.0,27,38733.35,33.349999999998545,3
BANKNIFTY,2021-11-15,2021-12-16,PE,38700.0,1649.5,,,34684.0,31,38702.35,2.349999999998545,1
BANKNIFTY,2021-11-16,2021-12-16,PE,38300.0,1473.5,,,34684.0,30,38307.1,7.099999999998545,0
BANKNIFTY,2021-11-17,2021-12-16,PE,38000.0,1349.5,,,34684.0,29,38041.55,41.55000000000291,1
BANKNIFTY,2021-11-18,2021-12-16,PE,38000.0,1349.5,,,34684.0,28,37976.25,23.75,2
BANKNIFTY,2021-11-22,2021-12-23,PE,37100.0,862.8,,,34684.0,31,37128.8,28.80000000000291,1
BANKNIFTY,2021-11-23,2021-12-23,PE,37300.0,920.8,,,34684.0,30,37272.8,27.19999999999709,0
BANKNIFTY,2021-11-24,2021-12-23,PE,37400.0,951.65,,,34684.0,29,37441.95,41.94999999999709,1
BANKNIFTY,2021-11-25,2021-12-23,PE,37400.0,951.65,,,34684.0,28,37364.75,35.25,2
BANKNIFTY,2021-11-26,2021-12-23,PE,36000.0,635.1,6.0,50.0,34684.0,27,36025.5,25.5,3
BANKNIFTY,2021-11-29,2021-12-30,PE,36000.0,871.7,34817.0,252825.0,34684.0,31,35976.45,23.55000000000291,1
BANKNIFTY,2021-11-30,2021-12-30,PE,35700.0,909.9,1402.0,9025.0,34684.0,30,35695.3,4.69999999999709,0
BANKNIFTY,2021-12-01,2021-12-30,PE,36400.0,838.8,1443.0,13775.0,34684.0,29,36364.9,35.099999999998545,1
BANKNIFTY,2021-12-02,2021-12-30,PE,36500.0,747.2,12506.0,186900.0,34684.0,28,36508.25,8.25,2
BANKNIFTY,2021-12-03,2021-12-30,PE,36200.0,753.25,3069.0,24975.0,34684.0,27,36197.15,2.849999999998545,3
BANKNIFTY,2021-12-06,2022-01-06,PE,35700.0,639.3,,,34684.0,31,35735.9,35.900000000001455,1
BANKNIFTY,2021-12-07,2022-01-06,PE,36600.0,879.3,,,34684.0,30,36618.4,18.400000000001455,0
BANKNIFTY,2021-12-08,2022-01-06,PE,37300.0,1105.25,,,34684.0,29,37284.7,15.30000000000291,1
BANKNIFTY,2021-12-09,2022-01-06,PE,37100.0,1037.15,,,34684.0,28,37082.45,17.55000000000291,2
BANKNIFTY,2021-12-10,2022-01-06,PE,37100.0,1037.15,,,34684.0,27,37105.65,5.650000000001455,3
BANKNIFTY,2021-12-13,2022-01-13,PE,36900.0,1193.85,,,34684.0,31,36925.25,25.25,1
BANKNIFTY,2021-12-14,2022-01-13,PE,36900.0,1193.85,,,34684.0,30,36893.95,6.05000000000291,0
BANKNIFTY,2021-12-15,2022-01-13,PE,36800.0,1156.75,,,34684.0,29,36789.55,10.44999999999709,1
BANKNIFTY,2021-12-16,2022-01-13,PE,36500.0,1049.95,,,34684.0,28,36548.65,48.650000000001455,2
BANKNIFTY,2021-12-17,2022-01-13,PE,35600.0,771.55,,,34684.0,27,35618.65,18.650000000001455,3
BANKNIFTY,2021-12-20,2022-01-20,PE,34400.0,545.55,,,34684.0,31,34439.85,39.849999999998545,1
BANKNIFTY,2021-12-21,2022-01-20,PE,34600.0,591.9,,,34684.0,30,34607.85,7.849999999998545,0
BANKNIFTY,2021-12-22,2022-01-20,PE,35000.0,841.05,2.0,50.0,34684.0,29,35029.5,29.5,1
BANKNIFTY,2021-12-23,2022-01-20,PE,35200.0,748.8,,,34684.0,28,35191.15,8.849999999998545,2
BANKNIFTY,2021-12-24,2022-01-20,PE,34900.0,667.95,,,34684.0,27,34857.05,42.94999999999709,3
BANKNIFTY,2021-12-27,2022-01-27,PE,35100.0,816.15,389.0,4875.0,34684.0,31,35057.9,42.099999999998545,1
BANKNIFTY,2021-12-28,2022-01-27,PE,35200.0,794.1,742.0,11775.0,34684.0,30,35183.8,16.19999999999709,0
BANKNIFTY,2021-12-29,2022-01-27,PE,35000.0,784.95,9842.0,246675.0,34684.0,29,35045.4,45.400000000001455,1
BANKNIFTY,2021-12-30,2022-01-27,PE,35100.0,772.1,1406.0,15350.0,34684.0,28,35063.6,36.400000000001455,2
BANKNIFTY,2021-12-31,2022-01-27,PE,35500.0,744.35,23449.0,300475.0,34684.0,27,35481.7,18.30000000000291,3
BANKNIFTY,2022-01-03,2022-02-03,PE,36400.0,1740.95,,,36421.9,31,36421.9,21.900000000001455,1
BANKNIFTY,2022-01-04,2022-02-03,PE,36800.0,1944.7,,,,30,36840.15,40.150000000001455,0
BANKNIFTY,2022-01-05,2022-02-03,PE,37700.0,2450.55,,,,29,37695.9,4.099999999998545,1
BANKNIFTY,2022-01-06,2022-02-03,PE,37500.0,2332.6,,,37490.25,28,37490.25,9.75,2
BANKNIFTY,2022-01-07,2022-02-03,PE,37700.0,2450.55,,,37739.6,27,37739.6,39.599999999998545,3
BANKNIFTY,2022-01-10,2022-02-10,PE,38300.0,2489.65,,,38347.9,31,38347.9,47.900000000001455,1
BANKNIFTY,2022-01-11,2022-02-10,PE,38400.0,2549.85,,,,30,38442.2,42.19999999999709,0
BANKNIFTY,2022-01-12,2022-02-10,PE,38700.0,2734.85,,,38727.55,29,38727.55,27.55000000000291,1
BANKNIFTY,2022-01-13,2022-02-10,PE,38500.0,2610.75,,,,28,38469.95,30.05000000000291,2
BANKNIFTY,2022-01-14,2022-02-10,PE,38400.0,2549.85,,,,27,38370.4,29.599999999998545,3
BANKNIFTY,2022-01-17,2022-02-17,PE,38200.0,2707.3,,,,31,38216.15,16.150000000001455,1
BANKNIFTY,2022-01-18,2022-02-17,PE,38200.0,2707.3,,,,30,38210.3,10.30000000000291,0
BANKNIFTY,2022-01-19,2022-02-17,PE,38000.0,1085.45,2.0,125.0,38041.35,29,38041.35,41.349999999998545,1
BANKNIFTY,2022-01-20,2022-02-17,PE,37900.0,2520.85,,,37850.85,28,37850.85,49.150000000001455,2
BANKNIFTY,2022-01-21,2022-02-17,PE,37600.0,2341.3,,,,27,37574.3,25.69999999999709,3
BANKNIFTY,2022-01-24,2022-02-24,PE,36900.0,1169.6,437.0,2600.0,,31,36947.55,47.55000000000291,1
BANKNIFTY,2022-01-25,2022-02-24,PE,37700.0,1110.7,373.0,3975.0,37706.75,30,37706.75,6.75,0
BANKNIFTY,2022-01-27,2022-02-24,PE,38000.0,1102.7,7677.0,204750.0,,28,37982.1,17.900000000001455,2
BANKNIFTY,2022-01-28,2022-02-24,PE,37700.0,1072.0,1607.0,15050.0,,27,37689.4,10.599999999998545,3
BANKNIFTY,2022-01-31,2022-03-03,PE,38000.0,3508.3,,,,31,37975.35,24.650000000001455,1
BANKNIFTY,2022-02-01,2022-03-03,PE,38500.0,3870.85,,,,30,38505.5,5.5,0
BANKNIFTY,2022-02-02,2022-03-03,PE,39300.0,4163.8,,,39330.5,29,39330.5,30.5,1
BANKNIFTY,2022-02-03,2022-03-03,PE,39000.0,901.15,7.0,175.0,,28,39010.0,10.0,2
BANKNIFTY,2022-02-04,2022-03-03,PE,38800.0,4097.5,,,,27,38789.35,10.650000000001455,3
BANKNIFTY,2022-02-07,2022-03-10,PE,38000.0,2070.6,,,,31,37995.45,4.55000000000291,1
BANKNIFTY,2022-02-08,2022-03-10,PE,38000.0,2070.6,,,,30,38028.45,28.44999999999709,0
BANKNIFTY,2022-02-09,2022-03-10,PE,38600.0,2409.8,,,,29,38610.25,10.25,1
BANKNIFTY,2022-02-10,2022-03-10,PE,39000.0,621.25,4.0,250.0,,28,39010.95,10.94999999999709,2
BANKNIFTY,2022-02-11,2022-03-10,PE,38500.0,2351.3,,,,27,38517.25,17.25,3
BANKNIFTY,2022-02-14,2022-03-17,PE,36900.0,1149.1,,,,31,36908.55,8.55000000000291,1
BANKNIFTY,2022-02-15,2022-03-17,PE,38200.0,1703.2,,,,30,38170.1,29.900000000001455,0
BANKNIFTY,2022-02-16,2022-03-17,PE,38000.0,1609.1,,,37953.8,29,37953.8,46.19999999999709,1
BANKNIFTY,2022-02-17,2022-03-17,PE,37500.0,1387.95,,,,28,37531.65,31.650000000001455,2
BANKNIFTY,2022-02-18,2022-03-17,PE,37600.0,373.85,,,,27,37599.15,0.8499999999985448,3
BANKNIFTY,2022-02-21,2022-03-24,PE,37700.0,912.15,,50.0,37685.6,31,37685.6,14.400000000001455,1
BANKNIFTY,2022-02-22,2022-03-24,PE,37400.0,880.7,,25.0,,30,37371.65,28.349999999998545,0
BANKNIFTY,2022-02-23,2022-03-24,PE,37400.0,987.0,4.0,25.0,37392.05,29,37392.05,7.94999999999709,1
BANKNIFTY,2022-02-24,2022-03-24,PE,35200.0,747.45,,,,28,35228.1,28.099999999998545,2
BANKNIFTY,2022-02-25,2022-03-24,PE,36400.0,1143.1,,,,27,36430.75,30.75,3
BANKNIFTY,2022-02-28,2022-03-31,PE,36200.0,1324.65,4112.0,12700.0,,31,36205.3,5.30000000000291,1
BANKNIFTY,2022-03-02,2022-03-31,PE,35400.0,1286.2,2494.0,9950.0,35372.8,29,35372.8,27.19999999999709,1
BANKNIFTY,2022-03-03,2022-03-31,PE,34900.0,1236.4,1251.0,4200.0,34944.3,28,34944.3,44.30000000000291,2
BANKNIFTY,2022-03-04,2022-03-31,PE,34400.0,1253.55,3472.0,7625.0,34407.8,27,34407.8,7.80000000000291,3
BANKNIFTY,2022-03-07,2022-04-07,PE,32900.0,515.0,,,32871.25,31,32871.25,28.75,1
BANKNIFTY,2022-03-08,2022-04-07,PE,33200.0,599.5,,,,30,33158.1,41.900000000001455,0
BANKNIFTY,2022-03-09,2022-04-07,PE,33800.0,800.9,,,33815.45,29,33815.45,15.44999999999709,1
BANKNIFTY,2022-03-10,2022-04-07,PE,34500.0,1087.3,,,34475.6,28,34475.6,24.400000000001455,2
BANKNIFTY,2022-03-11,2022-04-07,PE,34500.0,1087.3,,,,27,34546.25,46.25,3
BANKNIFTY,2022-03-14,2022-04-13,PE,35300.0,1734.75,,,,30,35312.15,12.150000000001455,0
BANKNIFTY,2022-03-15,2022-04-13,PE,35000.0,1560.95,,,,29,35022.65,22.650000000001455,1
BANKNIFTY,2022-03-16,2022-04-13,PE,35700.0,1982.0,,,35748.25,28,35748.25,48.25,2
BANKNIFTY,2022-03-17,2022-04-13,PE,36400.0,2454.85,,,,27,36428.55,28.55000000000291,3
BANKNIFTY,2022-03-21,2022-04-21,PE,36000.0,1054.1,2.0,25.0,,31,36018.5,18.5,1
BANKNIFTY,2022-03-22,2022-04-21,PE,36300.0,1252.35,,,,30,36348.55,48.55000000000291,0
BANKNIFTY,2022-03-23,2022-04-21,PE,36100.0,1157.25,,,,29,36147.35,47.349999999998545,1
BANKNIFTY,2022-03-24,2022-04-21,PE,35500.0,1043.95,8.0,150.0,,28,35527.1,27.099999999998545,2
BANKNIFTY,2022-03-25,2022-04-21,PE,35400.0,860.55,,,,27,35410.1,10.099999999998545,3
BANKNIFTY,2022-03-28,2022-04-28,PE,35700.0,1111.1,260.0,4225.0,,31,35710.5,10.5,1
BANKNIFTY,2022-03-29,2022-04-28,PE,35800.0,1043.25,1211.0,8175.0,,30,35847.4,47.400000000001455,0
BANKNIFTY,2022-03-30,2022-04-28,PE,36300.0,990.5,889.0,10050.0,36334.3,29,36334.3,34.30000000000291,1
BANKNIFTY,2022-03-31,2022-04-28,PE,36400.0,933.4,1398.0,15500.0,,28,36373.6,26.400000000001455,2
BANKNIFTY,2022-04-01,2022-04-28,PE,37100.0,896.55,1123.0,4950.0,,27,37148.5,48.5,3
BANKNIFTY,2022-04-04,2022-05-05,PE,38600.0,3000.0,,50.0,,31,38635.2,35.19999999999709,1
BANKNIFTY,2022-04-05,2022-05-05,PE,38100.0,3062.35,,,,30,38067.9,32.099999999998545,0
BANKNIFTY,2022-04-06,2022-05-05,PE,37600.0,2702.5,,,37632.8,29,37632.8,32.80000000000291,1
BANKNIFTY,2022-04-07,2022-05-05,PE,37600.0,2702.5,,,,28,37557.35,42.650000000001455,2
BANKNIFTY,2022-04-08,2022-05-05,PE,37800.0,825.75,3.0,75.0,,27,37752.05,47.94999999999709,3
BANKNIFTY,2022-04-11,2022-05-12,PE,37600.0,1430.85,,,,31,37613.8,13.80000000000291,1
BANKNIFTY,2022-04-12,2022-05-12,PE,37700.0,866.9,1.0,75.0,,30,37747.4,47.400000000001455,0
BANKNIFTY,2022-04-13,2022-05-12,PE,37500.0,666.0,1.0,25.0,37463.4,29,37463.4,36.599999999998545,1
BANKNIFTY,2022-04-18,2022-05-19,PE,36700.0,984.3,,,,31,36729.0,29.0,1
BANKNIFTY,2022-04-19,2022-05-19,PE,36300.0,827.35,,,,30,36341.6,41.599999999998545,0
BANKNIFTY,2022-04-20,2022-05-19,PE,36300.0,827.35,,,,29,36314.9,14.900000000001455,1
BANKNIFTY,2022-04-21,2022-05-19,PE,36800.0,1026.3,,,36816.1,28,36816.1,16.099999999998545,2
BANKNIFTY,2022-04-22,2022-05-19,PE,36000.0,721.3,,,,27,36044.75,44.75,3
BANKNIFTY,2022-04-25,2022-05-26,PE,36100.0,989.05,875.0,8625.0,,31,36082.35,17.650000000001455,1
BANKNIFTY,2022-04-26,2022-05-26,PE,36400.0,903.05,587.0,9250.0,,30,36404.8,4.80000000000291,0
BANKNIFTY,2022-04-27,2022-05-26,PE,36000.0,892.7,15969.0,414725.0,36028.85,29,36028.85,28.849999999998545,1
BANKNIFTY,2022-04-28,2022-05-26,PE,36400.0,849.0,801.0,11050.0,,28,36422.2,22.19999999999709,2
BANKNIFTY,2022-04-29,2022-05-26,PE,36100.0,863.25,1829.0,11500.0,,27,36088.15,11.849999999998545,3
BANKNIFTY,2022-05-02,2022-06-02,PE,36200.0,1192.4,,,,31,36163.75,36.25,1
BANKNIFTY,2022-05-04,2022-06-02,PE,35300.0,838.45,,,35264.55,29,35264.55,35.44999999999709,1
BANKNIFTY,2022-05-05,2022-06-02,PE,35200.0,804.1,,,,28,35232.85,32.849999999998545,2
BANKNIFTY,2022-05-06,2022-06-02,PE,34600.0,883.85,1.0,25.0,,27,34591.2,8.80000000000291,3
BANKNIFTY,2022-05-09,2022-06-09,PE,34300.0,871.1,,,,31,34275.4,24.599999999998545,1
BANKNIFTY,2022-05-10,2022-06-09,PE,34500.0,951.55,,,,30,34482.65,17.349999999998545,0
BANKNIFTY,2022-05-11,2022-06-09,PE,34700.0,1036.6,,,34693.15,29,34693.15,6.849999999998545,1
BANKNIFTY,2022-05-12,2022-06-09,PE,33500.0,990.0,8.0,200.0,33532.15,28,33532.15,32.150000000001455,2
BANKNIFTY,2022-05-13,2022-06-09,PE,33100.0,484.2,,,,27,33121.35,21.349999999998545,3
BANKNIFTY,2022-05-16,2022-06-16,PE,33600.0,1247.0,,,,31,33597.6,2.400000000001455,1
BANKNIFTY,2022-05-17,2022-06-16,PE,34300.0,1631.45,,,,30,34301.9,1.9000000000014552,0
BANKNIFTY,2022-05-18,2022-06-16,PE,34200.0,1572.95,,,,29,34163.7,36.30000000000291,1
BANKNIFTY,2022-05-19,2022-06-16,PE,33300.0,1100.6,,,,28,33315.65,15.650000000001455,2
BANKNIFTY,2022-05-20,2022-06-16,PE,34300.0,1631.45,,,,27,34276.4,23.599999999998545,3
BANKNIFTY,2022-05-23,2022-06-23,PE,34200.0,1699.9,,,34247.6,31,34247.6,47.599999999998545,1
BANKNIFTY,2022-05-24,2022-06-23,PE,34300.0,1025.0,9.0,450.0,,30,34290.15,9.849999999998545,0
BANKNIFTY,2022-05-25,2022-06-23,PE,34300.0,1025.0,,450.0,34339.5,29,34339.5,39.5,1
BANKNIFTY,2022-05-26,2022-06-23,PE,35100.0,2288.95,,,,28,35094.9,5.099999999998545,2
BANKNIFTY,2022-05-27,2022-06-23,PE,35600.0,2653.9,,,,27,35613.3,13.30000000000291,3
BANKNIFTY,2022-05-30,2022-06-30,PE,35800.0,890.0,2827.0,10775.0,,31,35826.95,26.94999999999709,1
BANKNIFTY,2022-05-31,2022-06-30,PE,35500.0,941.2,12362.0,129375.0,,30,35487.4,12.599999999998545,0
BANKNIFTY,2022-06-01,2022-06-30,PE,35600.0,854.6,3934.0,18025.0,35620.8,29,35620.8,20.80000000000291,1
BANKNIFTY,2022-06-02,2022-06-30,PE,35600.0,811.6,3944.0,24450.0,35613.65,28,35613.65,13.650000000001455,2
BANKNIFTY,2022-06-03,2022-06-30,PE,35300.0,819.55,1883.0,12775.0,,27,35275.05,24.94999999999709,3
BANKNIFTY,2022-06-06,2022-07-07,PE,35300.0,1138.6,,,,31,35310.2,10.19999999999709,1
BANKNIFTY,2022-06-07,2022-07-07,PE,35000.0,849.85,48.0,1025.0,34996.0,30,34996.0,4.0,0
BANKNIFTY,2022-06-08,2022-07-07,PE,34900.0,963.1,,,34946.15,29,34946.15,46.150000000001455,1
BANKNIFTY,2022-06-09,2022-07-07,PE,35100.0,941.7,1.0,75.0,35085.45,28,35085.45,14.55000000000291,2
BANKNIFTY,2022-06-10,2022-07-07,PE,34500.0,803.65,24.0,425.0,,27,34483.8,16.19999999999709,3
BANKNIFTY,2022-06-13,2022-07-14,PE,33400.0,580.5,,,33405.85,31,33405.85,5.849999999998545,1
BANKNIFTY,2022-06-14,2022-07-14,PE,33300.0,551.0,,,,30,33311.35,11.349999999998545,0
BANKNIFTY,2022-06-15,2022-07-14,PE,33300.0,551.0,,,33339.0,29,33339.0,39.0,1
BANKNIFTY,2022-06-16,2022-07-14,PE,32600.0,374.2,,,,28,32617.1,17.099999999998545,2
BANKNIFTY,2022-06-17,2022-07-14,PE,32700.0,396.55,,,,27,32743.05,43.04999999999927,3
BANKNIFTY,2022-06-20,2022-07-21,PE,32700.0,1203.15,,,32684.8,31,32684.8,15.200000000000728,1
BANKNIFTY,2022-06-21,2022-07-21,PE,33200.0,1472.2,,,33191.75,30,33191.75,8.25,0
BANKNIFTY,2022-06-22,2022-07-21,PE,32800.0,1254.45,,,32845.3,29,32845.3,45.30000000000291,1
BANKNIFTY,2022-06-23,2022-07-21,PE,33100.0,1415.9,,,,28,33135.0,35.0,2
BANKNIFTY,2022-06-24,2022-07-21,PE,33600.0,1709.6,,,,27,33627.45,27.44999999999709,3
BANKNIFTY,2022-06-27,2022-07-28,PE,33800.0,881.8,652.0,6225.0,,31,33811.25,11.25,1
BANKNIFTY,2022-06-28,2022-07-28,PE,33600.0,840.1,1299.0,18125.0,33642.45,30,33642.45,42.44999999999709,0
BANKNIFTY,2022-06-29,2022-07-28,PE,33300.0,876.2,1910.0,24650.0,33269.9,29,33269.9,30.099999999998545,1
BANKNIFTY,2022-06-30,2022-07-28,PE,33400.0,879.85,3013.0,25775.0,,28,33425.1,25.099999999998545,2
BANKNIFTY,2022-07-01,2022-07-28,PE,33500.0,777.1,18474.0,301550.0,,27,33539.45,39.44999999999709,3
BANKNIFTY,2022-07-04,2022-08-04,PE,33900.0,1689.1,,,,31,33940.9,40.900000000001455,1
BANKNIFTY,2022-07-05,2022-08-04,PE,33800.0,1631.5,,,,30,33815.9,15.900000000001455,0
BANKNIFTY,2022-07-06,2022-08-04,PE,34300.0,1930.3,,,34324.25,29,34324.25,24.25,1
BANKNIFTY,2022-07-07,2022-08-04,PE,34900.0,2323.4,,,,28,34920.3,20.30000000000291,2
BANKNIFTY,2022-07-08,2022-08-04,PE,35100.0,2462.3,,,,27,35124.05,24.05000000000291,3
BANKNIFTY,2022-07-11,2022-08-11,PE,35500.0,984.0,1.0,25.0,35469.65,31,35469.65,30.349999999998545,1
BANKNIFTY,2022-07-12,2022-08-11,PE,35100.0,1305.75,,,,30,35132.25,32.25,0
BANKNIFTY,2022-07-13,2022-08-11,PE,34800.0,1156.3,,,34827.8,29,34827.8,27.80000000000291,1
BANKNIFTY,2022-07-14,2022-08-11,PE,34700.0,1108.9,,,,28,34651.2,48.80000000000291,2
BANKNIFTY,2022-07-15,2022-08-11,PE,34700.0,1108.9,,,,27,34682.65,17.349999999998545,3
BANKNIFTY,2022-07-18,2022-08-18,PE,35400.0,1601.45,,,,31,35358.7,41.30000000000291,1
BANKNIFTY,2022-07-19,2022-08-18,PE,35700.0,1782.25,,,,30,35720.35,20.349999999998545,0
BANKNIFTY,2022-07-20,2022-08-18,PE,36000.0,781.6,4.0,100.0,35972.1,29,35972.1,27.900000000001455,1
BANKNIFTY,2022-07-21,2022-08-18,PE,36200.0,711.45,4.0,100.0,,28,36201.0,1.0,2
BANKNIFTY,2022-07-22,2022-08-18,PE,36700.0,2456.55,,,36738.95,27,36738.95,38.94999999999709,3
BANKNIFTY,2022-07-25,2022-08-25,PE,36700.0,831.95,1619.0,18050.0,,31,36726.4,26.400000000001455,1
BANKNIFTY,2022-07-26,2022-08-25,PE,36400.0,818.85,1183.0,11900.0,36408.5,30,36408.5,8.5,0
BANKNIFTY,2022-07-27,2022-08-25,PE,36800.0,803.4,1155.0,28650.0,36783.75,29,36783.75,16.25,1
BANKNIFTY,2022-07-28,2022-08-25,PE,37400.0,732.8,1700.0,20075.0,,28,37378.15,21.849999999998545,2
BANKNIFTY,2022-07-29,2022-08-25,PE,37500.0,694.85,39011.0,356950.0,,27,37491.4,8.599999999998545,3
BANKNIFTY,2022-08-01,2022-09-01,PE,37900.0,2339.15,,,,31,37903.2,3.1999999999970896,1
BANKNIFTY,2022-08-02,2022-09-01,PE,38000.0,863.6,239.0,5500.0,,30,38024.0,24.0,0
BANKNIFTY,2022-08-03,2022-09-01,PE,38000.0,810.6,91.0,6275.0,37989.25,29,37989.25,10.75,1
BANKNIFTY,2022-08-04,2022-09-01,PE,37800.0,986.5,4.0,125.0,37755.55,28,37755.55,44.44999999999709,2
BANKNIFTY,2022-08-05,2022-09-01,PE,37900.0,760.0,16.0,375.0,,27,37920.6,20.599999999998545,3
BANKNIFTY,2022-08-08,2022-09-08,PE,38200.0,1499.9,,,,31,38237.4,37.400000000001455,1
BANKNIFTY,2022-08-10,2022-09-08,PE,38300.0,1554.85,,,,29,38287.85,12.150000000001455,1
BANKNIFTY,2022-08-11,2022-09-08,PE,38900.0,797.1,1.0,25.0,,28,38879.85,20.150000000001455,2
BANKNIFTY,2022-08-12,2022-09-08,PE,39000.0,660.05,35.0,675.0,39042.3,27,39042.3,42.30000000000291,3
BANKNIFTY,2022-08-16,2022-09-15,PE,39200.0,1453.5,,,,30,39239.65,39.650000000001455,0
BANKNIFTY,2022-08-17,2022-09-15,PE,39500.0,1616.8,,,39461.7,29,39461.7,38.30000000000291,1
BANKNIFTY,2022-08-18,2022-09-15,PE,39700.0,1731.15,,,39656.15,28,39656.15,43.849999999998545,2
BANKNIFTY,2022-08-19,2022-09-15,PE,39000.0,925.6,2.0,50.0,,27,38985.95,14.05000000000291,3
BANKNIFTY,2022-08-22,2022-09-22,PE,38300.0,743.25,,,38297.75,31,38297.75,2.25,1
BANKNIFTY,2022-08-23,2022-09-22,PE,38700.0,888.3,,,,30,38697.65,2.349999999998545,0
BANKNIFTY,2022-08-24,2022-09-22,PE,39000.0,1008.0,4.0,100.0,39038.5,29,39038.5,38.5,1
BANKNIFTY,2022-08-25,2022-09-22,PE,39000.0,700.45,77.0,800.0,,28,38950.75,49.25,2
BANKNIFTY,2022-08-26,2022-09-22,PE,39000.0,700.4,51.0,975.0,38987.15,27,38987.15,12.849999999998545,3
BANKNIFTY,2022-08-29,2022-09-29,PE,38300.0,785.8,9378.0,62175.0,38276.7,31,38276.7,23.30000000000291,1
BANKNIFTY,2022-08-30,2022-09-29,PE,39500.0,716.45,20595.0,224125.0,39536.75,30,39536.75,36.75,0
BANKNIFTY,2022-09-01,2022-09-29,PE,39300.0,755.3,7934.0,34575.0,,28,39301.25,1.25,2
BANKNIFTY,2022-09-02,2022-09-29,PE,39400.0,762.85,8074.0,33275.0,39421.0,27,39421.0,21.0,3
BANKNIFTY,2022-09-05,2022-10-06,PE,39800.0,1553.5,,,39805.75,31,39805.75,5.75,1
BANKNIFTY,2022-09-06,2022-10-06,PE,39700.0,1499.4,,,,30,39666.5,33.5,0
BANKNIFTY,2022-09-07,2022-10-06,PE,39500.0,836.5,16.0,125.0,39455.9,29,39455.9,44.099999999998545,1
BANKNIFTY,2022-09-08,2022-10-06,PE,40200.0,1780.75,,,,28,40208.95,8.94999999999709,2
BANKNIFTY,2022-09-09,2022-10-06,PE,40400.0,830.0,1.0,25.0,40415.7,27,40415.7,15.69999999999709,3
BANKNIFTY,2022-09-12,2022-10-13,PE,40600.0,1390.15,1.0,25.0,,31,40574.0,26.0,1
BANKNIFTY,2022-09-13,2022-10-13,PE,40900.0,1674.75,,,40873.1,30,40873.1,26.900000000001455,0
BANKNIFTY,2022-09-14,2022-10-13,PE,41400.0,1971.05,,,41405.4,29,41405.4,5.400000000001455,1
BANKNIFTY,2022-09-15,2022-10-13,PE,41200.0,1472.65,,25.0,,28,41209.2,9.19999999999709,2
BANKNIFTY,2022-09-16,2022-10-13,PE,40800.0,619.7,,100.0,40776.8,27,40776.8,23.19999999999709,3
BANKNIFTY,2022-09-19,2022-10-20,PE,40900.0,1186.55,,,,31,40904.4,4.400000000001455,1
BANKNIFTY,2022-09-20,2022-10-20,PE,41500.0,1479.45,,,,30,41468.3,31.69999999999709,0
BANKNIFTY,2022-09-21,2022-10-20,PE,41200.0,1328.2,,,41203.45,29,41203.45,3.4499999999970896,1
BANKNIFTY,2022-09-22,2022-10-20,PE,40600.0,900.0,4.0,350.0,40630.6,28,40630.6,30.599999999998545,2
BANKNIFTY,2022-09-23,2022-10-20,PE,39500.0,654.3,,,,27,39546.25,46.25,3
BANKNIFTY,2022-09-26,2022-10-27,PE,38600.0,1029.1,743.0,4100.0,38616.25,31,38616.25,16.25,1
BANKNIFTY,2022-09-27,2022-10-27,PE,38400.0,980.8,413.0,4150.0,,30,38359.15,40.849999999998545,0
BANKNIFTY,2022-09-28,2022-10-27,PE,37800.0,990.05,925.0,9400.0,37759.85,29,37759.85,40.150000000001455,1
BANKNIFTY,2022-09-29,2022-10-27,PE,37600.0,903.6,1228.0,11450.0,37647.75,28,37647.75,47.75,2
BANKNIFTY,2022-09-30,2022-10-27,PE,38600.0,890.2,4363.0,26125.0,38631.95,27,38631.95,31.94999999999709,3
BANKNIFTY,2022-10-03,2022-11-03,PE,38000.0,943.0,1.0,100.0,,31,38029.65,29.650000000001455,1
BANKNIFTY,2022-10-04,2022-11-03,PE,39100.0,784.85,,,39110.05,30,39110.05,10.05000000000291,0
BANKNIFTY,2022-10-06,2022-11-03,PE,39300.0,853.45,,,39282.85,28,39282.85,17.150000000001455,2
BANKNIFTY,2022-10-07,2022-11-03,PE,39200.0,818.65,,,39178.05,27,39178.05,21.94999999999709,3
BANKNIFTY,2022-10-10,2022-11-10,PE,39100.0,1186.8,,,,31,39093.1,6.900000000001455,1
BANKNIFTY,2022-10-11,2022-11-10,PE,38700.0,827.15,5.0,125.0,,30,38712.45,12.44999999999709,0
BANKNIFTY,2022-10-12,2022-11-10,PE,39100.0,1186.8,,,39118.55,29,39118.55,18.55000000000291,1
BANKNIFTY,2022-10-13,2022-11-10,PE,38600.0,967.55,,,,28,38624.0,24.0,2
BANKNIFTY,2022-10-14,2022-11-10,PE,39300.0,1282.5,,,,27,39305.6,5.599999999998545,3
BANKNIFTY,2022-10-17,2022-11-17,PE,39900.0,1951.15,,,39920.45,31,39920.45,20.44999999999709,1
BANKNIFTY,2022-10-18,2022-11-17,PE,40300.0,2211.7,,,,30,40318.75,18.75,0
BANKNIFTY,2022-10-19,2022-11-17,PE,40400.0,2279.35,,,40373.2,29,40373.2,26.80000000000291,1
BANKNIFTY,2022-10-20,2022-11-17,PE,40100.0,2079.35,,,,28,40099.55,0.4499999999970896,2
BANKNIFTY,2022-10-21,2022-11-17,PE,40800.0,830.1,30.0,700.0,40784.05,27,40784.05,15.94999999999709,3
BANKNIFTY,2022-10-24,2022-11-24,PE,41300.0,898.15,393.0,9450.0,41304.9,31,41304.9,4.900000000001455,1
BANKNIFTY,2022-10-25,2022-11-24,PE,41100.0,859.75,998.0,8400.0,41122.75,30,41122.75,22.75,0
BANKNIFTY,2022-10-27,2022-11-24,PE,41300.0,807.15,5217.0,64900.0,,28,41299.3,0.6999999999970896,2
BANKNIFTY,2022-10-28,2022-11-24,PE,41000.0,800.85,36886.0,365150.0,,27,40990.85,9.150000000001455,3
BANKNIFTY,2022-10-31,2022-12-01,PE,41300.0,885.55,,75.0,41307.9,31,41307.9,7.900000000001455,1
BANKNIFTY,2022-11-01,2022-12-01,PE,41300.0,885.55,,75.0,,30,41289.55,10.44999999999709,0
BANKNIFTY,2022-11-02,2022-12-01,PE,41100.0,1923.1,,,41146.65,29,41146.65,46.650000000001455,1
BANKNIFTY,2022-11-03,2022-12-01,PE,41300.0,900.45,,50.0,41298.35,28,41298.35,1.6500000000014552,2
BANKNIFTY,2022-11-04,2022-12-01,PE,41300.0,822.4,13.0,175.0,,27,41258.45,41.55000000000291,3
BANKNIFTY,2022-11-07,2022-12-08,PE,41700.0,1499.8,,,,31,41686.7,13.30000000000291,1
BANKNIFTY,2022-11-09,2022-12-08,PE,41800.0,1553.35,,,41783.2,29,41783.2,16.80000000000291,1
BANKNIFTY,2022-11-10,2022-12-08,PE,41600.0,750.6,2.0,25.0,41603.75,28,41603.75,3.75,2
BANKNIFTY,2022-11-11,2022-12-08,PE,42100.0,1720.55,,,42137.05,27,42137.05,37.05000000000291,3
BANKNIFTY,2022-11-15,2022-12-15,PE,42400.0,1713.65,,,,30,42372.7,27.30000000000291,0
BANKNIFTY,2022-11-16,2022-12-15,PE,42500.0,741.25,25.0,500.0,42535.3,29,42535.3,35.30000000000291,1
BANKNIFTY,2022-11-17,2022-12-15,PE,42500.0,735.95,73.0,1300.0,42458.05,28,42458.05,41.94999999999709,2
BANKNIFTY,2022-11-18,2022-12-15,PE,42400.0,1713.65,,,,27,42437.45,37.44999999999709,3
BANKNIFTY,2022-11-21,2022-12-22,PE,42300.0,1229.9,,,42346.55,31,42346.55,46.55000000000291,1
BANKNIFTY,2022-11-22,2022-12-22,PE,42500.0,1325.55,,,42457.05,30,42457.05,42.94999999999709,0
BANKNIFTY,2022-11-23,2022-12-22,PE,42700.0,1393.4,2.0,50.0,42729.1,29,42729.1,29.099999999998545,1
BANKNIFTY,2022-11-24,2022-12-22,PE,43100.0,1638.55,,,,28,43075.4,24.599999999998545,2
BANKNIFTY,2022-11-25,2022-12-22,PE,43000.0,533.25,716.0,4025.0,42983.95,27,42983.95,16.05000000000291,3
BANKNIFTY,2022-11-28,2022-12-29,PE,43000.0,594.1,29386.0,421975.0,43020.45,31,43020.45,20.44999999999709,1
BANKNIFTY,2022-11-29,2022-12-29,PE,43100.0,624.15,4213.0,49675.0,,30,43053.45,46.55000000000291,0
BANKNIFTY,2022-11-30,2022-12-29,PE,43200.0,591.8,7542.0,52650.0,43231.0,29,43231.0,31.0,1
BANKNIFTY,2022-12-01,2022-12-29,PE,43300.0,601.35,8798.0,39900.0,43260.65,28,43260.65,39.349999999998545,2
BANKNIFTY,2022-12-02,2022-12-29,PE,43100.0,555.3,4860.0,55275.0,,27,43103.75,3.75,3
BANKNIFTY,2022-12-05,2023-01-05,PE,43300.0,1312.85,,,,31,43332.95,32.94999999999709,1
BANKNIFTY,2022-12-06,2023-01-05,PE,43100.0,1217.6,,,,30,43138.55,38.55000000000291,0
BANKNIFTY,2022-12-07,2023-01-05,PE,43100.0,1217.6,,,43098.7,29,43098.7,1.3000000000029104,1
BANKNIFTY,2022-12-08,2023-01-05,PE,43600.0,1463.75,,,,28,43596.85,3.150000000001455,2
BANKNIFTY,2022-12-09,2023-01-05,PE,43600.0,1463.75,,,,27,43633.45,33.44999999999709,3
BANKNIFTY,2022-12-12,2023-01-12,PE,43700.0,1334.45,,,43708.75,31,43708.75,8.75,1
BANKNIFTY,2022-12-13,2023-01-12,PE,43900.0,1435.1,,,,30,43946.55,46.55000000000291,0
BANKNIFTY,2022-12-14,2023-01-12,PE,44000.0,1487.15,,,44049.1,29,44049.1,49.099999999998545,1
BANKNIFTY,2022-12-15,2023-01-12,PE,43500.0,1238.1,,,,28,43498.2,1.8000000000029104,2
BANKNIFTY,2022-12-16,2023-01-12,PE,43200.0,1101.85,,,43219.5,27,43219.5,19.5,3
BANKNIFTY,2022-12-19,2023-01-19,PE,43400.0,1219.7,,,43413.75,31,43413.75,13.75,1
BANKNIFTY,2022-12-20,2023-01-19,PE,43400.0,1219.7,,,43359.5,30,43359.5,40.5,0
BANKNIFTY,2022-12-21,2023-01-19,PE,42600.0,879.6,,,42617.95,29,42617.95,17.94999999999709,1
BANKNIFTY,2022-12-22,2023-01-19,PE,42400.0,614.0,34.0,675.0,,28,42408.8,8.80000000000291,2
BANKNIFTY,2022-12-23,2023-01-25,PE,41700.0,678.3,873.0,7525.0,,33,41668.05,31.94999999999709,3
BANKNIFTY,2022-12-26,2023-01-25,PE,42600.0,663.2,618.0,10900.0,42630.15,30,42630.15,30.150000000001455,0
BANKNIFTY,2022-12-27,2023-01-25,PE,42900.0,689.0,542.0,7550.0,,29,42859.5,40.5,1
BANKNIFTY,2022-12-28,2023-01-25,PE,42800.0,664.9,2623.0,27750.0,42827.7,28,42827.7,27.69999999999709,2
BANKNIFTY,2022-12-29,2023-01-25,PE,43300.0,671.8,1888.0,32675.0,43252.35,27,43252.35,47.650000000001455,3
BANKNIFTY,2022-12-30,2023-01-25,PE,43000.0,642.1,48400.0,434375.0,42986.45,26,42986.45,13.55000000000291,4
BANKNIFTY,2023-01-02,2023-02-02,PE,43200.0,1738.5,,,43203.1,31,43203.1,3.099999999998545,1
BANKNIFTY,2023-01-03,2023-02-02,PE,43400.0,1852.65,,,,30,43425.25,25.25,0
BANKNIFTY,2023-01-04,2023-02-02,PE,43000.0,738.55,341.0,5950.0,42958.8,29,42958.8,41.19999999999709,1
BANKNIFTY,2023-01-05,2023-02-02,PE,42600.0,1420.85,,,,28,42608.7,8.69999999999709,2
BANKNIFTY,2023-01-06,2023-02-02,PE,42200.0,878.3,,25.0,,27,42188.8,11.19999999999709,3
BANKNIFTY,2023-01-09,2023-02-09,PE,42600.0,1216.2,,,42582.75,31,42582.75,17.25,1
BANKNIFTY,2023-01-10,2023-02-09,PE,42000.0,949.65,,,,30,42014.75,14.75,0
BANKNIFTY,2023-01-11,2023-02-09,PE,42200.0,687.9,19.0,225.0,42232.7,29,42232.7,32.69999999999709,1
BANKNIFTY,2023-01-12,2023-02-09,PE,42100.0,729.85,5.0,75.0,42082.25,28,42082.25,17.75,2
BANKNIFTY,2023-01-13,2023-02-09,PE,42400.0,849.15,,125.0,,27,42371.25,28.75,3
BANKNIFTY,2023-01-16,2023-02-16,PE,42200.0,1254.85,,,42167.55,31,42167.55,32.44999999999709,1
BANKNIFTY,2023-01-17,2023-02-16,PE,42200.0,1254.85,,,,30,42235.05,35.05000000000291,0
BANKNIFTY,2023-01-18,2023-02-16,PE,42500.0,745.0,26.0,,42458.0,29,42458.0,42.0,1
BANKNIFTY,2023-01-19,2023-02-16,PE,42300.0,1304.7,,,,28,42328.85,28.849999999998545,2
BANKNIFTY,2023-01-20,2023-02-16,PE,42500.0,664.15,7.0,125.0,,27,42506.8,6.80000000000291,3
BANKNIFTY,2023-01-23,2023-02-23,PE,42800.0,671.9,1709.0,13875.0,42821.25,31,42821.25,21.25,1
BANKNIFTY,2023-01-24,2023-02-23,PE,42700.0,652.45,2184.0,24025.0,42733.45,30,42733.45,33.44999999999709,0
BANKNIFTY,2023-01-25,2023-02-23,PE,41600.0,675.8,1905.0,19000.0,,29,41647.65,47.650000000001455,1
BANKNIFTY,2023-01-27,2023-02-23,PE,40300.0,803.8,8184.0,20075.0,,27,40345.3,45.30000000000291,3
BANKNIFTY,2023-01-30,2023-03-02,PE,40400.0,1130.3,9.0,225.0,40387.45,31,40387.45,12.55000000000291,1
BANKNIFTY,2023-01-31,2023-03-02,PE,40700.0,653.5,,,,30,40655.05,44.94999999999709,0
BANKNIFTY,2023-02-01,2023-03-02,PE,40500.0,461.65,24.0,225.0,40513.0,29,40513.0,13.0,1
BANKNIFTY,2023-02-02,2023-03-02,PE,40700.0,653.5,,,,28,40669.3,30.69999999999709,2
BANKNIFTY,2023-02-03,2023-03-02,PE,41500.0,929.95,,,41499.7,27,41499.7,0.3000000000029104,3
BANKNIFTY,2023-02-06,2023-03-09,PE,41400.0,1526.7,,,41374.65,31,41374.65,25.349999999998545,1
BANKNIFTY,2023-02-07,2023-03-09,PE,41500.0,1584.1,,,41490.95,30,41490.95,9.05000000000291,0
BANKNIFTY,2023-02-08,2023-03-09,PE,41500.0,1584.1,,,41537.65,29,41537.65,37.650000000001455,1
BANKNIFTY,2023-02-09,2023-03-09,PE,41600.0,709.65,11.0,200.0,41554.3,28,41554.3,45.69999999999709,2
BANKNIFTY,2023-02-10,2023-03-09,PE,41600.0,622.0,57.0,1575.0,,27,41559.4,40.599999999998545,3
BANKNIFTY,2023-02-13,2023-03-16,PE,41300.0,1039.4,,,41282.2,31,41282.2,17.80000000000291,1
BANKNIFTY,2023-02-14,2023-03-16,PE,41600.0,1178.75,,,,30,41648.35,48.349999999998545,0
BANKNIFTY,2023-02-15,2023-03-16,PE,41700.0,1227.65,,,41731.05,29,41731.05,31.05000000000291,1
BANKNIFTY,2023-02-16,2023-03-16,PE,41600.0,1178.75,,,,28,41631.35,31.349999999998545,2
BANKNIFTY,2023-02-17,2023-03-16,PE,41100.0,556.65,18.0,1050.0,,27,41131.75,31.75,3
BANKNIFTY,2023-02-20,2023-03-23,PE,40700.0,754.8,,,40701.7,31,40701.7,1.6999999999970896,1
BANKNIFTY,2023-02-21,2023-03-23,PE,40700.0,583.2,14.0,350.0,,30,40673.6,26.400000000001455,0
BANKNIFTY,2023-02-22,2023-03-23,PE,40000.0,641.55,391.0,3850.0,39995.9,29,39995.9,4.099999999998545,1
BANKNIFTY,2023-02-23,2023-03-23,PE,40000.0,586.05,403.0,5175.0,40001.55,28,40001.55,1.5500000000029104,2
BANKNIFTY,2023-02-24,2023-03-29,PE,39900.0,601.4,5063.0,30125.0,,33,39909.4,9.400000000001455,3
BANKNIFTY,2023-02-27,2023-03-29,PE,40300.0,564.65,5535.0,40650.0,40307.1,30,40307.1,7.099999999998545,0
BANKNIFTY,2023-02-28,2023-03-29,PE,40300.0,586.55,13413.0,44750.0,,29,40269.05,30.94999999999709,1
BANKNIFTY,2023-03-01,2023-03-29,PE,40700.0,537.0,6422.0,34725.0,40698.15,28,40698.15,1.8499999999985448,2
BANKNIFTY,2023-03-02,2023-03-29,PE,40400.0,522.7,6913.0,53825.0,,27,40389.8,10.19999999999709,3
BANKNIFTY,2023-03-03,2023-04-06,PE,41300.0,583.6,28317.0,651125.0,41251.35,34,41251.35,48.650000000001455,4
BANKNIFTY,2023-03-06,2023-04-06,PE,41400.0,579.15,149.0,651900.0,,31,41350.4,49.599999999998545,1
BANKNIFTY,2023-03-08,2023-04-06,PE,41600.0,1759.95,,,41577.1,29,41577.1,22.900000000001455,1
BANKNIFTY,2023-03-09,2023-04-06,PE,41300.0,537.05,263.0,652875.0,,28,41256.75,43.25,2
BANKNIFTY,2023-03-10,2023-04-06,PE,40500.0,566.5,49.0,450.0,40485.45,27,40485.45,14.55000000000291,3
BANKNIFTY,2023-03-13,2023-04-13,PE,39600.0,655.0,3.0,25.0,39564.7,31,39564.7,35.30000000000291,1
BANKNIFTY,2023-03-14,2023-04-13,PE,39400.0,443.8,,,,30,39411.4,11.400000000001455,0
BANKNIFTY,2023-03-15,2023-04-13,PE,39100.0,370.85,,,39051.5,29,39051.5,48.5,1
BANKNIFTY,2023-03-16,2023-04-13,PE,39100.0,370.85,,,,28,39132.6,32.599999999998545,2
BANKNIFTY,2023-03-17,2023-04-13,PE,39600.0,697.5,,50.0,39598.1,27,39598.1,1.9000000000014552,3
BANKNIFTY,2023-03-20,2023-04-20,PE,39400.0,1189.45,,,39361.95,31,39361.95,38.05000000000291,1
BANKNIFTY,2023-03-21,2023-04-20,PE,39900.0,1460.9,,,39894.7,30,39894.7,5.30000000000291,0
BANKNIFTY,2023-03-22,2023-04-20,PE,40000.0,1056.35,1.0,25.0,39999.05,29,39999.05,0.9499999999970896,1
BANKNIFTY,2023-03-23,2023-04-20,PE,39600.0,814.95,,25.0,,28,39616.9,16.900000000001455,2
BANKNIFTY,2023-03-24,2023-04-20,PE,39400.0,480.9,2.0,,,27,39395.35,4.650000000001455,3
BANKNIFTY,2023-03-27,2023-04-27,PE,39400.0,680.4,2691.0,20550.0,39431.3,31,39431.3,31.30000000000291,1
BANKNIFTY,2023-03-28,2023-04-27,PE,39600.0,665.9,1945.0,18525.0,39567.9,30,39567.9,32.099999999998545,0
BANKNIFTY,2023-03-29,2023-04-27,PE,39900.0,557.9,1745.0,16575.0,,29,39910.15,10.150000000001455,1
BANKNIFTY,2023-03-31,2023-04-27,PE,40600.0,560.95,7152.0,32950.0,40608.65,27,40608.65,8.650000000001455,3
BANKNIFTY,2023-04-03,2023-05-04,PE,40800.0,1790.75,,,40813.05,31,40813.05,13.05000000000291,1
BANKNIFTY,2023-04-05,2023-05-04,PE,41000.0,572.3,44.0,2225.0,40999.15,29,40999.15,0.8499999999985448,1
BANKNIFTY,2023-04-06,2023-05-04,PE,41000.0,530.75,114.0,2825.0,,28,41041.0,41.0,2
BANKNIFTY,2023-04-10,2023-05-11,PE,40800.0,935.4,,,,31,40834.65,34.650000000001455,1
BANKNIFTY,2023-04-11,2023-05-11,PE,41400.0,1378.8,1.0,25.0,,30,41366.5,33.5,0
BANKNIFTY,2023-04-12,2023-05-11,PE,41600.0,1332.75,,,41557.95,29,41557.95,42.05000000000291,1
BANKNIFTY,2023-04-13,2023-05-11,PE,42100.0,1624.0,,,42132.55,28,42132.55,32.55000000000291,2
BANKNIFTY,2023-04-17,2023-05-18,PE,42300.0,1149.25,,,42262.55,31,42262.55,37.44999999999709,1
BANKNIFTY,2023-04-18,2023-05-18,PE,42300.0,1149.25,,,,30,42265.2,34.80000000000291,0
BANKNIFTY,2023-04-19,2023-05-18,PE,42200.0,671.25,1.0,25.0,42154.0,29,42154.0,46.0,1
BANKNIFTY,2023-04-20,2023-05-18,PE,42300.0,1149.25,,,,28,42269.5,30.5,2
BANKNIFTY,2023-04-21,2023-05-18,PE,42100.0,1052.45,,,,27,42118.0,18.0,3
BANKNIFTY,2023-04-24,2023-05-25,PE,42600.0,594.6,2038.0,22375.0,42635.75,31,42635.75,35.75,1
BANKNIFTY,2023-04-25,2023-05-25,PE,42700.0,611.65,4766.0,42575.0,,30,42678.5,21.5,0
BANKNIFTY,2023-04-26,2023-05-25,PE,42800.0,601.2,5011.0,66700.0,42829.9,29,42829.9,29.900000000001455,1
BANKNIFTY,2023-04-27,2023-05-25,PE,43000.0,603.75,38005.0,860750.0,,28,43000.85,0.8499999999985448,2
BANKNIFTY,2023-04-28,2023-05-25,PE,43200.0,561.45,4547.0,41550.0,43233.9,27,43233.9,33.900000000001455,3
BANKNIFTY,2023-05-02,2023-06-01,PE,43400.0,635.75,81.0,1725.0,,30,43352.1,47.900000000001455,0
BANKNIFTY,2023-05-03,2023-06-01,PE,43300.0,635.1,10.0,675.0,43312.7,29,43312.7,12.69999999999709,1
BANKNIFTY,2023-05-04,2023-06-01,PE,43700.0,628.35,12.0,300.0,,28,43685.45,14.55000000000291,2
BANKNIFTY,2023-05-05,2023-06-01,PE,42700.0,645.35,151.0,850.0,42661.2,27,42661.2,38.80000000000291,3
BANKNIFTY,2023-05-08,2023-06-08,PE,43300.0,945.4,,,43284.0,31,43284.0,16.0,1
BANKNIFTY,2023-05-09,2023-06-08,PE,43200.0,638.7,5.0,125.0,43198.15,30,43198.15,1.8499999999985448,0
BANKNIFTY,2023-05-10,2023-06-08,PE,43300.0,660.0,13.0,50.0,43331.05,29,43331.05,31.05000000000291,1
BANKNIFTY,2023-05-11,2023-06-08,PE,43500.0,668.0,118.0,925.0,43475.3,28,43475.3,24.69999999999709,2
BANKNIFTY,2023-05-12,2023-06-08,PE,43800.0,654.05,1.0,25.0,,27,43793.55,6.44999999999709,3
BANKNIFTY,2023-05-15,2023-06-15,PE,44100.0,1434.8,,,44072.1,31,44072.1,27.900000000001455,1
BANKNIFTY,2023-05-16,2023-06-15,PE,43900.0,1327.1,,,43903.7,30,43903.7,3.6999999999970896,0
BANKNIFTY,2023-05-17,2023-06-15,PE,43700.0,1224.4,,,43698.7,29,43698.7,1.3000000000029104,1
BANKNIFTY,2023-05-18,2023-06-15,PE,43800.0,643.9,9.0,125.0,43752.3,28,43752.3,47.69999999999709,2
BANKNIFTY,2023-05-19,2023-06-15,PE,44000.0,627.85,550.0,7475.0,,27,43969.4,30.599999999998545,3
BANKNIFTY,2023-05-22,2023-06-22,PE,43900.0,1180.95,,,43885.1,31,43885.1,14.900000000001455,1
BANKNIFTY,2023-05-23,2023-06-22,PE,44000.0,641.8,39.0,375.0,43954.45,30,43954.45,45.55000000000291,0
BANKNIFTY,2023-05-24,2023-06-22,PE,43700.0,607.05,33.0,375.0,43677.85,29,43677.85,22.150000000001455,1
BANKNIFTY,2023-05-25,2023-06-22,PE,43700.0,662.15,13.0,625.0,,28,43681.4,18.599999999998545,2
BANKNIFTY,2023-05-26,2023-06-22,PE,44000.0,582.1,112.0,1400.0,44018.0,27,44018.0,18.0,3
BANKNIFTY,2023-05-29,2023-06-29,PE,44300.0,602.9,16927.0,72525.0,,31,44311.9,11.900000000001455,1
BANKNIFTY,2023-05-30,2023-06-29,PE,44400.0,584.35,11408.0,88225.0,44436.35,30,44436.35,36.349999999998545,0
BANKNIFTY,2023-05-31,2023-06-29,PE,44100.0,548.45,12509.0,60750.0,44128.15,29,44128.15,28.150000000001455,1
BANKNIFTY,2023-06-01,2023-06-29,PE,43800.0,536.9,6770.0,91700.0,,28,43790.2,9.80000000000291,2
BANKNIFTY,2023-06-02,2023-06-29,PE,43900.0,480.55,14636.0,68650.0,,27,43937.85,37.849999999998545,3
BANKNIFTY,2023-06-05,2023-07-06,PE,44100.0,1238.75,,,,31,44101.65,1.6500000000014552,1
BANKNIFTY,2023-06-06,2023-07-06,PE,44200.0,578.1,95.0,2275.0,,30,44164.55,35.44999999999709,0
BANKNIFTY,2023-06-07,2023-07-06,PE,44300.0,1343.65,,,44275.3,29,44275.3,24.69999999999709,1
BANKNIFTY,2023-06-08,2023-07-06,PE,44000.0,530.0,1.0,25.0,,28,43995.25,4.75,2
BANKNIFTY,2023-06-09,2023-07-06,PE,44000.0,504.0,493.0,10275.0,,27,43989.0,11.0,3
BANKNIFTY,2023-06-12,2023-07-13,PE,43900.0,1033.1,,,43944.2,31,43944.2,44.19999999999709,1
BANKNIFTY,2023-06-13,2023-07-13,PE,44100.0,1127.5,,,44079.85,30,44079.85,20.150000000001455,0
BANKNIFTY,2023-06-14,2023-07-13,PE,44000.0,1079.65,,,43988.0,29,43988.0,12.0,1
BANKNIFTY,2023-06-15,2023-07-13,PE,43400.0,843.3,,25.0,,28,43443.6,43.599999999998545,2
BANKNIFTY,2023-06-16,2023-07-13,PE,43900.0,480.6,56.0,925.0,,27,43938.15,38.150000000001455,3
BANKNIFTY,2023-06-19,2023-07-20,PE,43600.0,1125.45,,,43633.75,31,43633.75,33.75,1
BANKNIFTY,2023-06-20,2023-07-20,PE,43800.0,1226.15,,,43766.5,30,43766.5,33.5,0
BANKNIFTY,2023-06-21,2023-07-20,PE,43900.0,566.85,2.0,50.0,43859.2,29,43859.2,40.80000000000291,1
BANKNIFTY,2023-06-22,2023-07-20,PE,43700.0,1175.05,,,43724.85,28,43724.85,24.849999999998545,2
BANKNIFTY,2023-06-23,2023-07-20,PE,43600.0,1125.45,,,,27,43622.9,22.900000000001455,3
BANKNIFTY,2023-06-26,2023-07-27,PE,43600.0,505.25,4887.0,21540.0,43641.05,31,43641.05,41.05000000000291,1
BANKNIFTY,2023-06-27,2023-07-27,PE,44100.0,542.3,2982.0,24330.0,44121.5,30,44121.5,21.5,0
BANKNIFTY,2023-06-28,2023-07-27,PE,44300.0,535.2,14378.0,52530.0,44327.8,29,44327.8,27.80000000000291,1
BANKNIFTY,2023-06-30,2023-07-27,PE,44700.0,512.45,19891.0,72000.0,,27,44747.35,47.349999999998545,3
BANKNIFTY,2023-07-03,2023-08-03,PE,45200.0,683.95,3.0,30.0,45158.1,31,45158.1,41.900000000001455,1
BANKNIFTY,2023-07-04,2023-08-03,PE,45300.0,604.45,23.0,150.0,45301.45,30,45301.45,1.4499999999970896,0
BANKNIFTY,2023-07-05,2023-08-03,PE,45200.0,619.95,43.0,495.0,45151.8,29,45151.8,48.19999999999709,1
BANKNIFTY,2023-07-06,2023-08-03,PE,45300.0,561.2,233.0,1080.0,,28,45339.9,39.900000000001455,2
BANKNIFTY,2023-07-07,2023-08-03,PE,44900.0,519.4,169.0,435.0,,27,44925.0,25.0,3
BANKNIFTY,2023-07-10,2023-08-10,PE,44900.0,633.15,39.0,870.0,44860.85,31,44860.85,39.150000000001455,1
BANKNIFTY,2023-07-11,2023-08-10,PE,44700.0,794.9,,,44745.05,30,44745.05,45.05000000000291,0
BANKNIFTY,2023-07-12,2023-08-10,PE,44600.0,756.75,,,44639.45,29,44639.45,39.44999999999709,1
BANKNIFTY,2023-07-13,2023-08-10,PE,44700.0,486.65,2.0,270.0,44665.05,28,44665.05,34.94999999999709,2
BANKNIFTY,2023-07-14,2023-08-10,PE,44800.0,500.0,68.0,1065.0,,27,44819.3,19.30000000000291,3
BANKNIFTY,2023-07-17,2023-08-17,PE,45400.0,1422.25,,,45449.75,31,45449.75,49.75,1
BANKNIFTY,2023-07-18,2023-08-17,PE,45400.0,1422.25,,,45410.85,30,45410.85,10.849999999998545,0
BANKNIFTY,2023-07-19,2023-08-17,PE,45700.0,520.45,,15.0,45669.3,29,45669.3,30.69999999999709,1
BANKNIFTY,2023-07-20,2023-08-17,PE,46200.0,660.6,4.0,60.0,46186.9,28,46186.9,13.099999999998545,2
BANKNIFTY,2023-07-21,2023-08-17,PE,46100.0,599.6,20.0,210.0,,27,46075.2,24.80000000000291,3
BANKNIFTY,2023-07-24,2023-08-24,PE,45900.0,828.0,,15.0,45923.05,31,45923.05,23.05000000000291,1
BANKNIFTY,2023-07-25,2023-08-24,PE,45800.0,852.95,2.0,30.0,45845.0,30,45845.0,45.0,0
BANKNIFTY,2023-07-26,2023-08-24,PE,46100.0,1026.8,,,46062.35,29,46062.35,37.650000000001455,1
BANKNIFTY,2023-07-27,2023-08-24,PE,45700.0,854.05,,,45679.3,28,45679.3,20.69999999999709,2
BANKNIFTY,2023-07-28,2023-08-24,PE,45500.0,512.75,333.0,2790.0,,27,45468.1,31.900000000001455,3
BANKNIFTY,2023-07-31,2023-08-31,PE,45700.0,552.1,10158.0,72000.0,45651.1,31,45651.1,48.900000000001455,1
BANKNIFTY,2023-08-01,2023-08-31,PE,45600.0,526.85,21920.0,84750.0,45592.5,30,45592.5,7.5,0
BANKNIFTY,2023-08-02,2023-08-31,PE,45000.0,550.55,119640.0,745710.0,44995.7,29,44995.7,4.30000000000291,1
BANKNIFTY,2023-08-03,2023-08-31,PE,44500.0,481.1,113102.0,521910.0,44513.45,28,44513.45,13.44999999999709,2
BANKNIFTY,2023-08-04,2023-08-31,PE,44900.0,497.05,18011.0,33870.0,44879.5,27,44879.5,20.5,3
BANKNIFTY,2023-08-07,2023-09-07,PE,44800.0,1016.2,1.0,15.0,,31,44837.5,37.5,1
BANKNIFTY,2023-08-08,2023-09-07,PE,45000.0,530.85,6.0,60.0,44964.45,30,44964.45,35.55000000000291,0
BANKNIFTY,2023-08-09,2023-09-07,PE,44900.0,485.0,213.0,3975.0,44880.7,29,44880.7,19.30000000000291,1
BANKNIFTY,2023-08-10,2023-09-07,PE,44500.0,398.35,349.0,2370.0,44541.8,28,44541.8,41.80000000000291,2
BANKNIFTY,2023-08-11,2023-09-07,PE,44200.0,870.1,,,44199.1,27,44199.1,0.9000000000014552,3
BANKNIFTY,2023-08-14,2023-09-14,PE,44100.0,808.05,,,44090.95,31,44090.95,9.05000000000291,1
BANKNIFTY,2023-08-16,2023-09-14,PE,43900.0,890.5,1.0,15.0,43946.4,29,43946.4,46.400000000001455,1
BANKNIFTY,2023-08-17,2023-09-14,PE,43900.0,890.5,,15.0,43891.35,28,43891.35,8.650000000001455,2
BANKNIFTY,2023-08-18,2023-09-14,PE,43900.0,470.85,77.0,885.0,43851.05,27,43851.05,48.94999999999709,3
BANKNIFTY,2023-08-21,2023-09-21,PE,44000.0,1029.2,,,44002.0,31,44002.0,2.0,1
BANKNIFTY,2023-08-22,2023-09-21,PE,44000.0,1029.2,,,,30,43993.25,6.75,0
BANKNIFTY,2023-08-23,2023-09-21,PE,44500.0,473.2,370.0,2805.0,44479.05,29,44479.05,20.94999999999709,1
BANKNIFTY,2023-08-24,2023-09-21,PE,44500.0,427.8,621.0,4260.0,44496.2,28,44496.2,3.8000000000029104,2
BANKNIFTY,2023-08-25,2023-09-21,PE,44200.0,1128.25,,,44231.45,27,44231.45,31.44999999999709,3
BANKNIFTY,2023-08-28,2023-09-28,PE,44500.0,498.7,28057.0,365280.0,44494.65,31,44494.65,5.349999999998545,1
BANKNIFTY,2023-08-29,2023-09-28,PE,44500.0,485.25,19649.0,385230.0,44495.25,30,44495.25,4.75,0
BANKNIFTY,2023-08-30,2023-09-28,PE,44200.0,463.35,4326.0,51735.0,44232.6,29,44232.6,32.599999999998545,1
BANKNIFTY,2023-08-31,2023-09-28,PE,44000.0,461.6,97027.0,733335.0,43989.15,28,43989.15,10.849999999998545,2
BANKNIFTY,2023-09-01,2023-09-28,PE,44400.0,456.7,19420.0,49395.0,44436.1,27,44436.1,36.099999999998545,3
BANKNIFTY,2023-09-04,2023-10-04,PE,44600.0,1106.95,,,44578.3,30,44578.3,21.69999999999709,0
BANKNIFTY,2023-09-05,2023-10-04,PE,44500.0,421.85,206.0,3480.0,44532.15,29,44532.15,32.150000000001455,1
BANKNIFTY,2023-09-06,2023-10-04,PE,44400.0,1014.3,,,44409.1,28,44409.1,9.099999999998545,2
BANKNIFTY,2023-09-07,2023-10-04,PE,44900.0,465.85,22.0,330.0,44878.35,27,44878.35,21.650000000001455,3
BANKNIFTY,2023-09-08,2023-10-11,PE,45200.0,1373.4,,,45156.4,33,45156.4,43.599999999998545,3
BANKNIFTY,2023-09-11,2023-10-11,PE,45600.0,1615.0,,,45570.7,30,45570.7,29.30000000000291,0
BANKNIFTY,2023-09-12,2023-10-11,PE,45500.0,1552.6,,,45511.35,29,45511.35,11.349999999998545,1
BANKNIFTY,2023-09-13,2023-10-11,PE,45900.0,1810.0,,,45909.45,28,45909.45,9.44999999999709,2
BANKNIFTY,2023-09-14,2023-10-11,PE,46000.0,479.55,949.0,9555.0,46000.85,27,46000.85,0.8499999999985448,3
BANKNIFTY,2023-09-15,2023-10-18,PE,46200.0,496.85,11.0,105.0,46231.5,33,46231.5,31.5,3
BANKNIFTY,2023-09-18,2023-10-18,PE,46000.0,494.0,4.0,195.0,45979.85,30,45979.85,20.150000000001455,0
BANKNIFTY,2023-09-20,2023-10-18,PE,45400.0,766.05,,,45384.6,28,45384.6,15.400000000001455,2
BANKNIFTY,2023-09-21,2023-10-18,PE,44600.0,446.8,17.0,240.0,44623.85,27,44623.85,23.849999999998545,3
BANKNIFTY,2023-09-22,2023-10-26,PE,44600.0,485.35,3781.0,14460.0,44612.05,34,44612.05,12.05000000000291,4
BANKNIFTY,2023-09-25,2023-10-26,PE,44800.0,505.8,4302.0,26415.0,44766.1,31,44766.1,33.900000000001455,1
BANKNIFTY,2023-09-26,2023-10-26,PE,44600.0,485.45,4069.0,21645.0,,30,44624.2,24.19999999999709,0
BANKNIFTY,2023-09-27,2023-10-26,PE,44600.0,493.95,7976.0,29355.0,44588.3,29,44588.3,11.69999999999709,1
BANKNIFTY,2023-09-28,2023-10-26,PE,44300.0,516.45,13580.0,113385.0,44300.95,28,44300.95,0.9499999999970896,2
BANKNIFTY,2023-09-29,2023-10-26,PE,44600.0,471.2,22423.0,67860.0,44584.55,27,44584.55,15.44999999999709,3
BANKNIFTY,2023-10-03,2023-11-01,PE,44400.0,650.0,,,44399.05,29,44399.05,0.9499999999970896,1
BANKNIFTY,2023-10-04,2023-11-01,PE,44000.0,480.3,235.0,285.0,43964.05,28,43964.05,35.94999999999709,2
BANKNIFTY,2023-10-05,2023-11-01,PE,44200.0,465.95,86.0,510.0,44213.35,27,44213.35,13.349999999998545,3
BANKNIFTY,2023-10-06,2023-11-08,PE,44400.0,1141.15,,,44360.6,33,44360.6,39.400000000001455,3
BANKNIFTY,2023-10-09,2023-11-08,PE,43900.0,513.7,2.0,15.0,43886.5,30,43886.5,13.5,0
BANKNIFTY,2023-10-10,2023-11-08,PE,44400.0,1141.15,,,44360.15,29,44360.15,39.849999999998545,1
BANKNIFTY,2023-10-11,2023-11-08,PE,44500.0,1194.65,,,,28,44516.9,16.900000000001455,2
BANKNIFTY,2023-10-12,2023-11-08,PE,44600.0,483.2,41.0,360.0,44599.2,27,44599.2,0.8000000000029104,3
BANKNIFTY,2023-10-13,2023-11-15,PE,44300.0,552.2,1.0,15.0,44287.95,33,44287.95,12.05000000000291,3
BANKNIFTY,2023-10-16,2023-11-15,PE,44200.0,491.65,1.0,30.0,44225.9,30,44225.9,25.900000000001455,0
BANKNIFTY,2023-10-17,2023-11-15,PE,44400.0,524.1,25.0,210.0,44409.5,29,44409.5,9.5,1
BANKNIFTY,2023-10-18,2023-11-15,PE,43900.0,475.9,9.0,90.0,43888.7,28,43888.7,11.30000000000291,2
BANKNIFTY,2023-10-19,2023-11-15,PE,43800.0,495.8,30.0,180.0,43754.5,27,43754.5,45.5,3
BANKNIFTY,2023-10-20,2023-11-22,PE,43700.0,516.85,24.0,330.0,43723.05,33,43723.05,23.05000000000291,3
BANKNIFTY,2023-10-23,2023-11-22,PE,43200.0,372.2,1.0,30.0,,30,43151.2,48.80000000000291,0
BANKNIFTY,2023-10-25,2023-11-22,PE,42800.0,537.2,4.0,15.0,42832.0,28,42832.0,32.0,2
BANKNIFTY,2023-10-26,2023-11-22,PE,42300.0,557.05,43.0,645.0,42280.15,27,42280.15,19.849999999998545,3
BANKNIFTY,2023-10-27,2023-11-30,PE,42800.0,528.8,19209.0,72600.0,,34,42782.0,18.0,4
BANKNIFTY,2023-10-30,2023-11-30,PE,43000.0,487.35,71266.0,624330.0,43039.15,31,43039.15,39.150000000001455,1
BANKNIFTY,2023-10-31,2023-11-30,PE,42800.0,491.8,12767.0,81420.0,42845.95,30,42845.95,45.94999999999709,0
BANKNIFTY,2023-11-01,2023-11-30,PE,42700.0,488.8,18627.0,53820.0,42700.95,29,42700.95,0.9499999999970896,1
BANKNIFTY,2023-11-02,2023-11-30,PE,43000.0,412.6,102589.0,696390.0,43017.2,28,43017.2,17.19999999999709,2
BANKNIFTY,2023-11-03,2023-11-30,PE,43300.0,434.25,22234.0,53535.0,43318.25,27,43318.25,18.25,3
BANKNIFTY,2023-11-06,2023-12-06,PE,43600.0,1355.95,,,43619.4,30,43619.4,19.400000000001455,0
BANKNIFTY,2023-11-07,2023-12-06,PE,43700.0,461.0,1.0,15.0,43737.9,29,43737.9,37.900000000001455,1
BANKNIFTY,2023-11-08,2023-12-06,PE,43700.0,472.3,37.0,180.0,43658.65,28,43658.65,41.349999999998545,2
BANKNIFTY,2023-11-09,2023-12-06,PE,43700.0,413.1,80.0,765.0,43683.6,27,43683.6,16.400000000001455,3
BANKNIFTY,2023-11-10,2023-12-13,PE,43800.0,956.2,,,43820.1,33,43820.1,20.099999999998545,3
BANKNIFTY,2023-11-12,2023-12-13,PE,44000.0,537.9,5.0,15.0,,31,43996.65,3.349999999998545,1
BANKNIFTY,2023-11-13,2023-12-13,PE,43900.0,493.55,4.0,75.0,,30,43891.25,8.75,0
BANKNIFTY,2023-11-15,2023-12-13,PE,44200.0,437.35,18.0,90.0,44201.7,28,44201.7,1.6999999999970896,2
BANKNIFTY,2023-11-16,2023-12-13,PE,44200.0,435.2,37.0,180.0,44161.55,27,44161.55,38.44999999999709,3
BANKNIFTY,2023-11-17,2023-12-20,PE,43600.0,637.9,,,43583.95,33,43583.95,16.05000000000291,3
BANKNIFTY,2023-11-20,2023-12-20,PE,43600.0,498.85,192.0,2265.0,,30,43584.95,15.05000000000291,0
BANKNIFTY,2023-11-21,2023-12-20,PE,43700.0,509.0,18.0,1635.0,43689.15,29,43689.15,10.849999999998545,1
BANKNIFTY,2023-11-22,2023-12-20,PE,43400.0,497.85,36.0,2415.0,43449.6,28,43449.6,49.599999999998545,2
BANKNIFTY,2023-11-23,2023-12-20,PE,43600.0,421.75,128.0,2970.0,43577.5,27,43577.5,22.5,3
BANKNIFTY,2023-11-24,2023-12-28,PE,43800.0,483.3,3181.0,22095.0,43769.1,34,43769.1,30.900000000001455,4
BANKNIFTY,2023-11-28,2023-12-28,PE,43900.0,430.25,3427.0,25875.0,,30,43880.95,19.05000000000291,0
BANKNIFTY,2023-11-29,2023-12-28,PE,44600.0,462.55,3485.0,24825.0,44566.45,29,44566.45,33.55000000000291,1
BANKNIFTY,2023-11-30,2023-12-28,PE,44500.0,493.05,72826.0,492480.0,,28,44481.75,18.25,2
BANKNIFTY,2023-12-01,2023-12-28,PE,44800.0,468.5,28300.0,74700.0,44814.2,27,44814.2,14.19999999999709,3
BANKNIFTY,2023-12-04,2024-01-03,PE,46400.0,2855.85,,,46431.4,30,46431.4,31.400000000001455,0
BANKNIFTY,2023-12-05,2024-01-03,PE,47000.0,3360.35,,,47012.25,29,47012.25,12.25,1
BANKNIFTY,2023-12-06,2024-01-03,PE,46800.0,532.15,,1365.0,46834.55,28,46834.55,34.55000000000291,2
BANKNIFTY,2023-12-07,2024-01-03,PE,46800.0,538.6,219.0,1935.0,46841.4,27,46841.4,41.400000000001455,3
BANKNIFTY,2023-12-08,2024-01-10,PE,47300.0,1188.55,,,47262.0,33,47262.0,38.0,3
BANKNIFTY,2023-12-11,2024-01-10,PE,47300.0,830.1,1.0,15.0,,30,47314.25,14.25,0
BANKNIFTY,2023-12-12,2024-01-10,PE,47100.0,685.15,85.0,1335.0,47097.55,29,47097.55,2.4499999999970896,1
BANKNIFTY,2023-12-13,2024-01-10,PE,47100.0,534.1,97.0,1335.0,47092.25,28,47092.25,7.75,2
BANKNIFTY,2023-12-14,2024-01-10,PE,47700.0,505.3,176.0,690.0,47732.3,27,47732.3,32.30000000000291,3
BANKNIFTY,2023-12-15,2024-01-17,PE,48100.0,1489.45,,,,33,48143.55,43.55000000000291,3
BANKNIFTY,2023-12-18,2024-01-17,PE,47900.0,659.95,22.0,165.0,47867.7,30,47867.7,32.30000000000291,0
BANKNIFTY,2023-12-19,2024-01-17,PE,47900.0,618.55,17.0,180.0,47870.9,29,47870.9,29.099999999998545,1
BANKNIFTY,2023-12-20,2024-01-17,PE,47400.0,508.2,2.0,,47445.3,28,47445.3,45.30000000000291,2
BANKNIFTY,2023-12-21,2024-01-17,PE,47800.0,637.15,1.0,45.0,47840.15,27,47840.15,40.150000000001455,3
BANKNIFTY,2023-12-22,2024-01-25,PE,47500.0,670.0,25766.0,175215.0,47491.85,34,47491.85,8.150000000001455,4
BANKNIFTY,2023-12-26,2024-01-25,PE,47700.0,638.45,2503.0,24930.0,,30,47724.85,24.849999999998545,0
BANKNIFTY,2023-12-27,2024-01-25,PE,48300.0,711.4,3172.0,16920.0,48282.2,29,48282.2,17.80000000000291,1
BANKNIFTY,2023-12-28,2024-01-25,PE,48500.0,720.85,66414.0,328260.0,48508.55,28,48508.55,8.55000000000291,2
BANKNIFTY,2023-12-29,2024-01-25,PE,48300.0,645.3,18929.0,53790.0,48292.25,27,48292.25,7.75,3
BANKNIFTY,2024-01-01,2024-01-31,PE,48200.0,704.25,199.0,3060.0,48234.3,30,48234.3,34.30000000000291,0
BANKNIFTY,2024-01-02,2024-01-31,PE,47800.0,739.95,789.0,3990.0,47761.65,29,47761.65,38.349999999998545,1
BANKNIFTY,2024-01-03,2024-01-31,PE,47700.0,641.05,1006.0,11790.0,47704.95,28,47704.95,4.94999999999709,2
BANKNIFTY,2024-01-04,2024-01-31,PE,48200.0,612.75,574.0,3990.0,,27,48195.85,4.150000000001455,3
BANKNIFTY,2024-01-05,2024-02-07,PE,48200.0,694.9,22.0,165.0,48159.0,33,48159.0,41.0,3
BANKNIFTY,2024-01-08,2024-02-07,PE,47500.0,721.65,290.0,2910.0,47450.25,30,47450.25,49.75,0
BANKNIFTY,2024-01-09,2024-02-07,PE,47200.0,732.9,,,47242.65,29,47242.65,42.650000000001455,1
BANKNIFTY,2024-01-10,2024-02-07,PE,47400.0,607.0,5.0,45.0,,28,47360.85,39.150000000001455,2
BANKNIFTY,2024-01-11,2024-02-07,PE,47400.0,623.0,16.0,135.0,47438.35,27,47438.35,38.349999999998545,3
BANKNIFTY,2024-01-12,2024-02-14,PE,47700.0,616.65,2.0,510.0,,33,47709.8,9.80000000000291,3
BANKNIFTY,2024-01-15,2024-02-14,PE,48200.0,730.15,2.0,15.0,48158.3,30,48158.3,41.69999999999709,0
BANKNIFTY,2024-01-16,2024-02-14,PE,48100.0,628.6,3.0,15.0,48125.1,29,48125.1,25.099999999998545,1
BANKNIFTY,2024-01-17,2024-02-14,PE,46100.0,467.55,,,46064.45,28,46064.45,35.55000000000291,2
BANKNIFTY,2024-01-18,2024-02-14,PE,45700.0,363.05,,,,27,45713.55,13.55000000000291,3
BANKNIFTY,2024-01-19,2024-02-21,PE,45700.0,800.1,1.0,15.0,,33,45701.15,1.1500000000014552,3
BANKNIFTY,2024-01-20,2024-02-21,PE,46100.0,917.7,,,46058.2,32,46058.2,41.80000000000291,2
BANKNIFTY,2024-01-23,2024-02-21,PE,45000.0,733.9,38.0,645.0,,29,45015.05,15.05000000000291,1
BANKNIFTY,2024-01-24,2024-02-21,PE,45100.0,900.7,,1155.0,45082.4,28,45082.4,17.599999999998545,2
BANKNIFTY,2024-01-25,2024-02-21,PE,44900.0,708.1,183.0,1815.0,44866.15,27,44866.15,33.849999999998545,3
BANKNIFTY,2024-01-29,2024-02-29,PE,45400.0,813.6,8830.0,23685.0,,31,45442.35,42.349999999998545,1
BANKNIFTY,2024-01-30,2024-02-29,PE,45400.0,821.1,12383.0,34590.0,45367.75,30,45367.75,32.25,0
BANKNIFTY,2024-01-31,2024-02-29,PE,46000.0,778.75,72826.0,401475.0,,29,45996.8,3.1999999999970896,1
BANKNIFTY,2024-02-01,2024-02-29,PE,46200.0,722.75,17175.0,42120.0,46188.65,28,46188.65,11.349999999998545,2
BANKNIFTY,2024-02-02,2024-02-29,PE,46000.0,746.5,105203.0,494475.0,45970.95,27,45970.95,29.05000000000291,3
BANKNIFTY,2024-02-05,2024-03-06,PE,45800.0,736.1,151.0,1080.0,45825.55,30,45825.55,25.55000000000291,0
BANKNIFTY,2024-02-06,2024-03-06,PE,45700.0,716.95,17.0,300.0,45690.8,29,45690.8,9.19999999999709,1
BANKNIFTY,2024-02-07,2024-03-06,PE,45800.0,659.05,30.0,1425.0,45818.5,28,45818.5,18.5,2
BANKNIFTY,2024-02-08,2024-03-06,PE,45000.0,742.55,359.0,3300.0,45012.0,27,45012.0,12.0,3
BANKNIFTY,2024-02-09,2024-03-13,PE,45600.0,799.0,,135.0,45634.55,33,45634.55,34.55000000000291,3
BANKNIFTY,2024-02-12,2024-03-13,PE,44900.0,802.9,61.0,930.0,44882.25,30,44882.25,17.75,0
BANKNIFTY,2024-02-13,2024-03-13,PE,45500.0,797.2,,,45502.4,29,45502.4,2.400000000001455,1
BANKNIFTY,2024-02-14,2024-03-13,PE,45900.0,900.0,3.0,105.0,45908.3,28,45908.3,8.30000000000291,2
BANKNIFTY,2024-02-15,2024-03-13,PE,46200.0,773.0,13.0,135.0,46218.9,27,46218.9,18.900000000001455,3
BANKNIFTY,2024-02-16,2024-03-20,PE,46400.0,1195.15,,,46384.85,33,46384.85,15.150000000001455,3
BANKNIFTY,2024-02-19,2024-03-20,PE,46500.0,789.55,3.0,15.0,46535.5,30,46535.5,35.5,0
BANKNIFTY,2024-02-20,2024-03-20,PE,47100.0,882.4,3.0,45.0,47094.2,29,47094.2,5.80000000000291,1
BANKNIFTY,2024-02-21,2024-03-20,PE,47000.0,805.7,456.0,3990.0,47019.7,28,47019.7,19.69999999999709,2
BANKNIFTY,2024-02-22,2024-03-20,PE,46900.0,794.05,15.0,615.0,46919.8,27,46919.8,19.80000000000291,3
BANKNIFTY,2024-02-23,2024-03-28,PE,46800.0,798.2,2411.0,37410.0,46811.75,34,46811.75,11.75,4
BANKNIFTY,2024-02-26,2024-03-28,PE,46600.0,816.35,2339.0,13800.0,46576.5,31,46576.5,23.5,1
BANKNIFTY,2024-02-27,2024-03-28,PE,46600.0,815.9,2409.0,15510.0,,30,46588.05,11.94999999999709,0
BANKNIFTY,2024-02-28,2024-03-28,PE,46000.0,889.6,55638.0,339915.0,45963.15,29,45963.15,36.849999999998545,1
BANKNIFTY,2024-02-29,2024-03-28,PE,46100.0,712.2,8788.0,25725.0,46120.9,28,46120.9,20.900000000001455,2
BANKNIFTY,2024-03-01,2024-04-03,PE,47300.0,1448.4,,180.0,47286.9,33,47286.9,13.099999999998545,3
BANKNIFTY,2024-03-04,2024-04-03,PE,47500.0,845.0,646.0,617085.0,47456.1,30,47456.1,43.900000000001455,0
BANKNIFTY,2024-03-05,2024-04-03,PE,47600.0,716.0,190.0,533130.0,47581.0,29,47581.0,19.0,1
BANKNIFTY,2024-03-06,2024-04-03,PE,48000.0,745.75,19008.0,650490.0,,28,47965.4,34.599999999998545,2
BANKNIFTY,2024-03-07,2024-04-03,PE,47800.0,694.65,262.0,308760.0,,27,47835.8,35.80000000000291,3
BANKNIFTY,2024-03-11,2024-04-10,PE,47300.0,704.05,,,47327.85,30,47327.85,27.849999999998545,0
BANKNIFTY,2024-03-12,2024-04-10,PE,47300.0,695.5,12.0,30.0,47282.4,29,47282.4,17.599999999998545,1
BANKNIFTY,2024-03-13,2024-04-10,PE,47000.0,754.2,81.0,600.0,,28,46981.3,18.69999999999709,2
BANKNIFTY,2024-03-14,2024-04-10,PE,46800.0,656.1,10.0,60.0,46789.95,27,46789.95,10.05000000000291,3
BANKNIFTY,2024-03-15,2024-04-16,PE,46600.0,777.5,,,46594.1,32,46594.1,5.900000000001455,2
BANKNIFTY,2024-03-18,2024-04-16,PE,46600.0,700.0,11.0,90.0,,29,46575.9,24.099999999998545,1
BANKNIFTY,2024-03-19,2024-04-16,PE,46400.0,758.4,2.0,30.0,46384.8,28,46384.8,15.19999999999709,2
BANKNIFTY,2024-03-20,2024-04-16,PE,46300.0,820.0,9.0,285.0,46310.9,27,46310.9,10.900000000001455,3
BANKNIFTY,2024-03-21,2024-04-24,PE,46700.0,633.85,1673.0,12930.0,46684.9,34,46684.9,15.099999999998545,4
BANKNIFTY,2024-03-22,2024-04-24,PE,46900.0,635.3,1635.0,22245.0,46863.75,33,46863.75,36.25,3
BANKNIFTY,2024-03-26,2024-04-24,PE,46600.0,558.05,1921.0,12435.0,46600.2,29,46600.2,0.19999999999708962,1
BANKNIFTY,2024-03-27,2024-04-24,PE,46800.0,562.15,5707.0,39705.0,46785.95,28,46785.95,14.05000000000291,2
BANKNIFTY,2024-03-28,2024-04-24,PE,47100.0,548.2,9563.0,25095.0,47124.6,27,47124.6,24.599999999998545,3
BANKNIFTY,2024-04-01,2024-04-30,PE,47600.0,613.8,887.0,6780.0,47578.25,29,47578.25,21.75,1
BANKNIFTY,2024-04-02,2024-04-30,PE,47500.0,519.75,4261.0,32670.0,47545.45,28,47545.45,45.44999999999709,2
BANKNIFTY,2024-04-03,2024-04-30,PE,47600.0,512.3,723.0,4650.0,47624.25,27,47624.25,24.25,3
BANKNIFTY,2024-04-04,2024-04-30,PE,48100.0,578.4,60.0,435.0,48060.8,26,48060.8,39.19999999999709,4
BANKNIFTY,2024-04-05,2024-05-08,PE,48500.0,576.55,9.0,135.0,48493.05,33,48493.05,6.94999999999709,3
BANKNIFTY,2024-04-08,2024-05-08,PE,48600.0,616.6,65.0,240.0,48581.7,30,48581.7,18.30000000000291,0
BANKNIFTY,2024-04-09,2024-05-08,PE,48700.0,570.75,24.0,60.0,48730.55,29,48730.55,30.55000000000291,1
BANKNIFTY,2024-04-10,2024-05-08,PE,49000.0,616.7,802.0,7995.0,,28,48986.6,13.400000000001455,2
BANKNIFTY,2024-04-12,2024-05-15,PE,48600.0,782.5,,,,33,48564.55,35.44999999999709,3
BANKNIFTY,2024-04-15,2024-05-15,PE,47800.0,529.15,2.0,30.0,47773.25,30,47773.25,26.75,0
BANKNIFTY,2024-04-16,2024-05-15,PE,47500.0,576.0,38.0,270.0,47484.8,29,47484.8,15.19999999999709,1
BANKNIFTY,2024-04-18,2024-05-15,PE,47100.0,571.95,27.0,105.0,,27,47069.45,30.55000000000291,3
BANKNIFTY,2024-04-19,2024-05-22,PE,47600.0,988.7,,,47574.15,33,47574.15,25.849999999998545,3
BANKNIFTY,2024-04-22,2024-05-22,PE,47900.0,702.9,4.0,60.0,47924.9,30,47924.9,24.900000000001455,0
BANKNIFTY,2024-04-23,2024-05-22,PE,48000.0,693.05,78.0,2175.0,47970.45,29,47970.45,29.55000000000291,1
BANKNIFTY,2024-04-24,2024-05-22,PE,48200.0,671.0,15.0,210.0,48189.0,28,48189.0,11.0,2
BANKNIFTY,2024-04-25,2024-05-22,PE,48500.0,700.0,185.0,1950.0,,27,48494.95,5.05000000000291,3
BANKNIFTY,2024-04-26,2024-05-29,PE,48200.0,727.4,5447.0,30405.0,48201.05,33,48201.05,1.0500000000029104,3
BANKNIFTY,2024-04-29,2024-05-29,PE,49400.0,743.15,3069.0,19005.0,49424.05,30,49424.05,24.05000000000291,0
BANKNIFTY,2024-04-30,2024-05-29,PE,49400.0,767.25,10881.0,27135.0,49396.75,29,49396.75,3.25,1
BANKNIFTY,2024-05-02,2024-05-29,PE,49200.0,689.45,9588.0,33690.0,49231.05,27,49231.05,31.05000000000291,3
BANKNIFTY,2024-05-03,2024-06-05,PE,48900.0,765.0,,,48923.55,33,48923.55,23.55000000000291,3
BANKNIFTY,2024-05-06,2024-06-05,PE,48900.0,765.0,,,48895.3,30,48895.3,4.69999999999709,0
BANKNIFTY,2024-05-07,2024-06-05,PE,48300.0,1200.0,3.0,30.0,48285.35,29,48285.35,14.650000000001455,1
BANKNIFTY,2024-05-08,2024-06-05,PE,48000.0,1078.15,1716.0,40725.0,48021.1,28,48021.1,21.099999999998545,2
BANKNIFTY,2024-05-09,2024-06-05,PE,47500.0,1070.45,88.0,1125.0,47487.9,27,47487.9,12.099999999998545,3
BANKNIFTY,2024-05-10,2024-06-12,PE,47400.0,683.1,,,,33,47421.1,21.099999999998545,3
BANKNIFTY,2024-05-13,2024-06-12,PE,47800.0,1279.35,2.0,15.0,47754.1,30,47754.1,45.900000000001455,0
BANKNIFTY,2024-05-14,2024-06-12,PE,47900.0,886.8,,,47859.45,29,47859.45,40.55000000000291,1
BANKNIFTY,2024-05-15,2024-06-12,PE,47700.0,1146.0,,60.0,47687.45,28,47687.45,12.55000000000291,2
BANKNIFTY,2024-05-16,2024-06-12,PE,48000.0,1252.95,515.0,5265.0,,27,47977.05,22.94999999999709,3
BANKNIFTY,2024-05-17,2024-06-19,PE,48100.0,1262.15,119.0,1785.0,48115.65,33,48115.65,15.650000000001455,3
BANKNIFTY,2024-05-18,2024-06-19,PE,48200.0,1210.75,4.0,3435.0,,32,48199.5,0.5,2
BANKNIFTY,2024-05-21,2024-06-19,PE,48000.0,1182.05,,1890.0,48048.2,29,48048.2,48.19999999999709,1
BANKNIFTY,2024-05-22,2024-06-19,PE,47800.0,1193.0,53.0,765.0,47781.95,28,47781.95,18.05000000000291,2
BANKNIFTY,2024-05-23,2024-06-19,PE,48800.0,1527.65,,,48768.6,27,48768.6,31.400000000001455,3
BANKNIFTY,2024-05-24,2024-06-26,PE,49000.0,1226.05,25382.0,231555.0,48971.65,33,48971.65,28.349999999998545,3
BANKNIFTY,2024-05-27,2024-06-26,PE,49300.0,1239.1,1135.0,5985.0,49281.8,30,49281.8,18.19999999999709,0
BANKNIFTY,2024-05-28,2024-06-26,PE,49100.0,1215.9,2257.0,24300.0,49142.15,29,49142.15,42.150000000001455,1
BANKNIFTY,2024-05-29,2024-06-26,PE,48500.0,1134.25,18878.0,177405.0,48501.35,28,48501.35,1.3499999999985448,2
BANKNIFTY,2024-05-30,2024-06-26,PE,48700.0,1130.15,7515.0,28725.0,48682.35,27,48682.35,17.650000000001455,3
BANKNIFTY,2024-05-31,2024-07-03,PE,49000.0,1300.0,22.0,990.0,48983.95,33,48983.95,16.05000000000291,3
BANKNIFTY,2024-06-03,2024-07-03,PE,51000.0,3089.8,,,50979.95,30,50979.95,20.05000000000291,0
BANKNIFTY,2024-06-04,2024-07-03,PE,46900.0,639.05,,,46928.6,29,46928.6,28.599999999998545,1
BANKNIFTY,2024-06-05,2024-07-03,PE,49100.0,1460.45,,225.0,49054.6,28,49054.6,45.400000000001455,2
BANKNIFTY,2024-06-06,2024-07-03,PE,49300.0,1397.55,3.0,285.0,,27,49291.9,8.099999999998545,3
BANKNIFTY,2024-06-07,2024-07-10,PE,49800.0,1626.8,,15.0,,33,49803.2,3.1999999999970896,3
BANKNIFTY,2024-06-10,2024-07-10,PE,49800.0,1626.8,,15.0,49780.9,30,49780.9,19.099999999998545,0
BANKNIFTY,2024-06-11,2024-07-10,PE,49700.0,851.05,,30.0,49705.75,29,49705.75,5.75,1
BANKNIFTY,2024-06-12,2024-07-10,PE,49900.0,816.75,11.0,75.0,49895.1,28,49895.1,4.900000000001455,2
BANKNIFTY,2024-06-13,2024-07-10,PE,49800.0,738.35,13.0,300.0,,27,49846.7,46.69999999999709,3
BANKNIFTY,2024-06-14,2024-07-16,PE,50000.0,1256.4,,,,32,50002.0,2.0,2
BANKNIFTY,2024-06-18,2024-07-16,PE,50400.0,809.0,5.0,45.0,50440.9,28,50440.9,40.900000000001455,2
BANKNIFTY,2024-06-19,2024-07-16,PE,51400.0,2043.3,,,51398.05,27,51398.05,1.9499999999970896,3
BANKNIFTY,2024-06-20,2024-07-16,PE,51800.0,871.85,13.0,165.0,51783.25,26,51783.25,16.75,4
BANKNIFTY,2024-06-21,2024-07-24,PE,51700.0,864.5,5.0,30.0,51661.45,33,51661.45,38.55000000000291,3
BANKNIFTY,2024-06-24,2024-07-24,PE,51700.0,826.25,29.0,375.0,51703.95,30,51703.95,3.9499999999970896,0
BANKNIFTY,2024-06-25,2024-07-24,PE,52600.0,1891.35,,,52606.0,29,52606.0,6.0,1
BANKNIFTY,2024-06-26,2024-07-24,PE,52900.0,928.15,109.0,1065.0,52870.5,28,52870.5,29.5,2
BANKNIFTY,2024-06-27,2024-07-24,PE,52800.0,824.05,121.0,945.0,52811.3,27,52811.3,11.30000000000291,3
BANKNIFTY,2024-06-28,2024-07-31,PE,52300.0,855.85,2199.0,17940.0,52342.25,33,52342.25,42.25,3
BANKNIFTY,2024-07-01,2024-07-31,PE,52600.0,884.3,5902.0,40215.0,,30,52574.75,25.25,0
BANKNIFTY,2024-07-02,2024-07-31,PE,52200.0,827.9,8980.0,41295.0,52168.1,29,52168.1,31.900000000001455,1
BANKNIFTY,2024-07-03,2024-07-31,PE,53100.0,897.7,11286.0,39255.0,,28,53089.25,10.75,2
BANKNIFTY,2024-07-04,2024-07-31,PE,53100.0,825.55,8351.0,35100.0,53103.7,27,53103.7,3.6999999999970896,3
BANKNIFTY,2024-07-05,2024-08-07,PE,52700.0,971.8,4.0,60.0,52660.35,33,52660.35,39.650000000001455,3
BANKNIFTY,2024-07-08,2024-08-07,PE,52400.0,874.7,49.0,585.0,52425.8,30,52425.8,25.80000000000291,0
BANKNIFTY,2024-07-09,2024-08-07,PE,52600.0,956.75,6.0,90.0,,29,52568.8,31.19999999999709,1
BANKNIFTY,2024-07-10,2024-08-07,PE,52200.0,875.7,51.0,255.0,52189.3,28,52189.3,10.69999999999709,2
BANKNIFTY,2024-07-11,2024-08-07,PE,52300.0,833.05,9.0,45.0,52270.65,27,52270.65,29.349999999998545,3
BANKNIFTY,2024-07-12,2024-08-14,PE,52300.0,1272.0,2.0,30.0,52278.9,33,52278.9,21.099999999998545,3
BANKNIFTY,2024-07-15,2024-08-14,PE,52500.0,930.75,60.0,795.0,,30,52455.9,44.099999999998545,0
BANKNIFTY,2024-07-16,2024-08-14,PE,52400.0,919.4,9.0,945.0,52396.8,29,52396.8,3.1999999999970896,1
BANKNIFTY,2024-07-18,2024-08-14,PE,52600.0,1448.35,,,52620.7,27,52620.7,20.69999999999709,3
BANKNIFTY,2024-07-19,2024-08-21,PE,52300.0,862.05,1.0,15.0,52265.6,33,52265.6,34.400000000001455,3
BANKNIFTY,2024-07-22,2024-08-21,PE,52300.0,1075.15,5.0,75.0,52280.4,30,52280.4,19.599999999998545,0
BANKNIFTY,2024-07-23,2024-08-21,PE,51800.0,978.45,,,51778.3,29,51778.3,21.69999999999709,1
BANKNIFTY,2024-07-24,2024-08-21,PE,51300.0,790.4,,,51317.0,28,51317.0,17.0,2
BANKNIFTY,2024-07-25,2024-08-21,PE,50900.0,659.05,,,50888.75,27,50888.75,11.25,3
BANKNIFTY,2024-07-26,2024-08-28,PE,51300.0,760.75,2032.0,14355.0,51295.95,33,51295.95,4.05000000000291,3
BANKNIFTY,2024-07-29,2024-08-28,PE,51400.0,735.05,2150.0,11565.0,,30,51406.25,6.25,0
BANKNIFTY,2024-07-30,2024-08-28,PE,51500.0,715.8,40457.0,291780.0,51499.3,29,51499.3,0.6999999999970896,1
BANKNIFTY,2024-07-31,2024-08-28,PE,51600.0,727.8,3523.0,18675.0,51553.4,28,51553.4,46.599999999998545,2
BANKNIFTY,2024-08-01,2024-08-28,PE,51600.0,722.6,5110.0,22905.0,51564.0,27,51564.0,36.0,3
BANKNIFTY,2024-08-02,2024-09-04,PE,51400.0,1336.15,,,51350.15,33,51350.15,49.849999999998545,3
BANKNIFTY,2024-08-05,2024-09-04,PE,50100.0,1144.55,7.0,75.0,50092.1,30,50092.1,7.900000000001455,0
BANKNIFTY,2024-08-06,2024-09-04,PE,49700.0,678.9,,,49748.3,29,49748.3,48.30000000000291,1
BANKNIFTY,2024-08-07,2024-09-04,PE,50100.0,975.0,3.0,45.0,50119.0,28,50119.0,19.0,2
BANKNIFTY,2024-08-08,2024-09-04,PE,50200.0,874.2,35.0,525.0,,27,50156.7,43.30000000000291,3
BANKNIFTY,2024-08-09,2024-09-11,PE,50500.0,784.45,33.0,240.0,50484.5,33,50484.5,15.5,3
BANKNIFTY,2024-08-12,2024-09-11,PE,50600.0,1402.35,,,50577.95,30,50577.95,22.05000000000291,0
BANKNIFTY,2024-08-13,2024-09-11,PE,49800.0,716.9,5.0,45.0,49831.85,29,49831.85,31.849999999998545,1
BANKNIFTY,2024-08-14,2024-09-11,PE,49700.0,977.6,,,49727.3,28,49727.3,27.30000000000291,2
BANKNIFTY,2024-08-16,2024-09-18,PE,50500.0,1530.4,,,,33,50516.9,16.900000000001455,3
BANKNIFTY,2024-08-19,2024-09-18,PE,50400.0,1474.85,,,,30,50368.35,31.650000000001455,0
BANKNIFTY,2024-08-20,2024-09-18,PE,50800.0,1704.2,,,50803.15,29,50803.15,3.150000000001455,1
BANKNIFTY,2024-08-21,2024-09-18,PE,50700.0,644.5,29.0,720.0,,28,50685.55,14.44999999999709,2
BANKNIFTY,2024-08-22,2024-09-18,PE,51000.0,642.6,162.0,780.0,,27,50985.7,14.30000000000291,3
BANKNIFTY,2024-08-23,2024-09-25,PE,50900.0,687.8,1062.0,23670.0,50933.45,33,50933.45,33.44999999999709,3
BANKNIFTY,2024-08-26,2024-09-25,PE,51100.0,636.75,1691.0,11415.0,51148.1,30,51148.1,48.099999999998545,0
BANKNIFTY,2024-08-27,2024-09-25,PE,51300.0,668.35,4700.0,34140.0,51278.75,29,51278.75,21.25,1
BANKNIFTY,2024-08-28,2024-09-25,PE,51100.0,625.8,4732.0,24660.0,51143.85,28,51143.85,43.849999999998545,2
BANKNIFTY,2024-08-29,2024-09-25,PE,51200.0,619.15,11092.0,45675.0,51152.75,27,51152.75,47.25,3
BANKNIFTY,2024-08-30,2024-10-01,PE,51400.0,1604.35,,,,32,51351.0,49.0,2
BANKNIFTY,2024-09-02,2024-10-01,PE,51400.0,1604.35,,,,29,51439.55,39.55000000000291,1
BANKNIFTY,2024-09-03,2024-10-01,PE,51700.0,1260.0,,90.0,51689.1,28,51689.1,10.900000000001455,2
BANKNIFTY,2024-09-04,2024-10-01,PE,51400.0,673.35,,15.0,51400.25,27,51400.25,0.25,3
BANKNIFTY,2024-09-05,2024-10-01,PE,51500.0,630.2,426.0,2955.0,51473.05,26,51473.05,26.94999999999709,4
BANKNIFTY,2024-09-06,2024-10-09,PE,50600.0,814.25,,,50576.85,33,50576.85,23.150000000001455,3
BANKNIFTY,2024-09-09,2024-10-09,PE,51100.0,1015.05,,,51117.8,30,51117.8,17.80000000000291,0
BANKNIFTY,2024-09-10,2024-10-09,PE,51300.0,726.5,15.0,90.0,51272.3,29,51272.3,27.69999999999709,1
BANKNIFTY,2024-09-11,2024-10-09,PE,51000.0,675.0,351.0,2610.0,51010.0,28,51010.0,10.0,2
BANKNIFTY,2024-09-12,2024-10-09,PE,51800.0,787.45,3.0,45.0,51772.4,27,51772.4,27.599999999998545,3
BANKNIFTY,2024-09-13,2024-10-16,PE,51900.0,1599.6,,,,33,51938.05,38.05000000000291,3
BANKNIFTY,2024-09-16,2024-10-16,PE,52200.0,1776.45,,,,30,52153.15,46.849999999998545,0
BANKNIFTY,2024-09-17,2024-10-16,PE,52200.0,1776.45,,,52188.65,29,52188.65,11.349999999998545,1
BANKNIFTY,2024-09-18,2024-10-16,PE,52800.0,770.7,7.0,90.0,52750.4,28,52750.4,49.599999999998545,2
BANKNIFTY,2024-09-19,2024-10-16,PE,53000.0,608.75,352.0,3120.0,53037.6,27,53037.6,37.599999999998545,3
BANKNIFTY,2024-09-20,2024-10-23,PE,53800.0,1719.9,,,53793.2,33,53793.2,6.80000000000291,3
BANKNIFTY,2024-09-23,2024-10-23,PE,54100.0,1901.0,,,54105.8,30,54105.8,5.80000000000291,0
BANKNIFTY,2024-09-24,2024-10-23,PE,54000.0,697.35,155.0,1320.0,,29,53968.6,31.400000000001455,1
BANKNIFTY,2024-09-25,2024-10-23,PE,54100.0,698.45,6.0,75.0,54101.65,28,54101.65,1.6500000000014552,2
BANKNIFTY,2024-09-26,2024-10-23,PE,54400.0,2091.9,,,54375.35,27,54375.35,24.650000000001455,3
BANKNIFTY,2024-09-27,2024-10-30,PE,53800.0,622.45,7586.0,48855.0,53834.3,33,53834.3,34.30000000000291,3
BANKNIFTY,2024-09-30,2024-10-30,PE,53000.0,627.5,88839.0,690870.0,,30,52978.1,21.900000000001455,0
BANKNIFTY,2024-10-01,2024-10-30,PE,52900.0,557.8,6191.0,24840.0,52922.6,29,52922.6,22.599999999998545,1
BANKNIFTY,2024-10-03,2024-10-30,PE,51800.0,549.95,10373.0,40710.0,51845.2,27,51845.2,45.19999999999709,3
BANKNIFTY,2024-10-04,2024-11-06,PE,51500.0,617.3,,,51462.05,33,51462.05,37.94999999999709,3
BANKNIFTY,2024-10-07,2024-11-06,PE,50500.0,364.1,,,50478.9,30,50478.9,21.099999999998545,0
BANKNIFTY,2024-10-08,2024-11-06,PE,51000.0,698.35,24.0,405.0,51021.0,29,51021.0,21.0,1
BANKNIFTY,2024-10-09,2024-11-06,PE,51000.0,630.2,190.0,2025.0,,28,51007.0,7.0,2
BANKNIFTY,2024-10-10,2024-11-06,PE,51500.0,645.55,518.0,1395.0,,27,51530.9,30.900000000001455,3
BANKNIFTY,2024-10-11,2024-11-13,PE,51200.0,706.25,1.0,15.0,,33,51172.3,27.69999999999709,3
BANKNIFTY,2024-10-14,2024-11-13,PE,51800.0,745.15,8.0,120.0,,30,51816.9,16.900000000001455,0
BANKNIFTY,2024-10-15,2024-11-13,PE,51900.0,700.0,5.0,150.0,51906.0,29,51906.0,6.0,1
BANKNIFTY,2024-10-16,2024-11-13,PE,51800.0,610.0,1.0,180.0,,28,51801.05,1.0500000000029104,2
BANKNIFTY,2024-10-17,2024-11-13,PE,51300.0,684.5,12.0,105.0,,27,51288.8,11.19999999999709,3
BANKNIFTY,2024-10-18,2024-11-13,PE,52100.0,1712.75,,,52094.2,26,52094.2,5.80000000000291,4
BANKNIFTY,2024-10-21,2024-11-27,PE,52000.0,845.55,30362.0,216075.0,,37,51962.7,37.30000000000291,7
BANKNIFTY,2024-10-22,2024-11-27,PE,51300.0,829.0,813.0,4575.0,51257.15,36,51257.15,42.849999999998545,6
BANKNIFTY,2024-10-23,2024-11-27,PE,51200.0,815.35,7685.0,56790.0,,35,51239.0,39.0,5
BANKNIFTY,2024-10-24,2024-11-27,PE,51500.0,781.0,12772.0,149055.0,51531.15,34,51531.15,31.150000000001455,4
BANKNIFTY,2024-10-25,2024-11-27,PE,50800.0,825.1,1842.0,9585.0,50787.45,33,50787.45,12.55000000000291,3
BANKNIFTY,2024-10-28,2024-11-27,PE,51300.0,770.05,3295.0,19515.0,51259.3,30,51259.3,40.69999999999709,0
BANKNIFTY,2024-10-29,2024-11-27,PE,52300.0,761.25,2777.0,17790.0,52320.7,29,52320.7,20.69999999999709,1
BANKNIFTY,2024-10-30,2024-11-27,PE,51800.0,732.6,6104.0,41985.0,51807.5,28,51807.5,7.5,2
BANKNIFTY,2024-10-31,2024-11-27,PE,51500.0,742.05,32015.0,330000.0,,27,51475.35,24.650000000001455,3
BANKNIFTY,2024-11-01,2024-11-27,PE,51700.0,819.1,1540.0,24180.0,51673.9,26,51673.9,26.099999999998545,4
BANKNIFTY,2024-11-04,2024-11-27,PE,51200.0,754.9,5265.0,42105.0,51215.25,23,51215.25,15.25,7
BANKNIFTY,2024-11-05,2024-11-27,PE,52200.0,755.85,7717.0,49830.0,52207.25,22,52207.25,7.25,8
BANKNIFTY,2024-11-06,2024-11-27,PE,52300.0,586.4,10157.0,46560.0,52317.4,21,52317.4,17.400000000001455,9
BANKNIFTY,2024-11-07,2024-11-27,PE,51900.0,594.85,10469.0,45105.0,,20,51916.5,16.5,10
BANKNIFTY,2024-11-14,2024-12-24,PE,50200.0,804.2,8953.0,10425.0,,40,50179.55,20.44999999999709,10
BANKNIFTY,2024-11-18,2024-12-24,PE,50400.0,816.55,1455.0,8460.0,,36,50363.8,36.19999999999709,6
BANKNIFTY,2024-11-19,2024-12-24,PE,50600.0,818.8,3023.0,9360.0,,35,50626.5,26.5,5
BANKNIFTY,2024-11-21,2024-12-24,PE,50400.0,825.35,5600.0,17790.0,,33,50372.9,27.099999999998545,3
BANKNIFTY,2024-11-22,2024-12-24,PE,51100.0,820.8,5351.0,20370.0,51135.4,32,51135.4,35.400000000001455,2
BANKNIFTY,2024-11-25,2024-12-24,PE,52200.0,768.25,22661.0,53655.0,52207.5,29,52207.5,7.5,1
BANKNIFTY,2024-11-26,2024-12-24,PE,52200.0,713.45,20064.0,75720.0,52191.5,28,52191.5,8.5,2
BANKNIFTY,2024-11-27,2024-12-24,PE,52300.0,658.6,51445.0,139020.0,52301.8,27,52301.8,1.8000000000029104,3
BANKNIFTY,2024-11-28,2024-12-24,PE,51900.0,672.95,283320.0,173445.0,51906.85,26,51906.85,6.849999999998545,4
BANKNIFTY,2024-11-29,2024-12-24,PE,52100.0,698.9,334961.0,210060.0,52055.6,25,52055.6,44.400000000001455,5
BANKNIFTY,2024-12-02,2024-12-24,PE,52100.0,680.1,273421.0,337635.0,,22,52109.0,9.0,8
BANKNIFTY,2024-12-03,2024-12-24,PE,52700.0,708.3,406428.0,371025.0,,21,52695.75,4.25,9
BANKNIFTY,2024-12-04,2024-12-24,PE,53300.0,735.1,241430.0,212385.0,,20,53266.9,33.099999999998545,10
BANKNIFTY,2024-12-20,2025-01-29,PE,50800.0,875.85,5727.0,28515.0,,40,50759.2,40.80000000000291,10
BANKNIFTY,2024-12-23,2025-01-29,PE,51300.0,756.65,21015.0,74640.0,51317.6,37,51317.6,17.599999999998545,7
BANKNIFTY,2024-12-24,2025-01-29,PE,51200.0,668.85,62933.0,207030.0,51233.0,36,51233.0,33.0,6
BANKNIFTY,2024-12-26,2025-01-29,PE,51200.0,780.3,327125.0,277470.0,51170.7,34,51170.7,29.30000000000291,4
BANKNIFTY,2024-12-27,2025-01-29,PE,51300.0,710.6,234018.0,229800.0,51311.3,33,51311.3,11.30000000000291,3
BANKNIFTY,2024-12-30,2025-01-29,PE,51000.0,718.1,555334.0,863025.0,50952.75,30,50952.75,47.25,0
BANKNIFTY,2024-12-31,2025-01-29,PE,50900.0,726.1,190572.0,181470.0,50860.2,29,50860.2,39.80000000000291,1
BANKNIFTY,2025-01-01,2025-01-29,PE,51100.0,757.5,207719.0,153330.0,51060.6,28,51060.6,39.400000000001455,2
BANKNIFTY,2025-01-02,2025-01-30,PE,51600.0,750.6,120791.0,248775.0,51605.55,28,51605.55,5.55000000000291,2
BANKNIFTY,2025-01-03,2025-01-30,PE,51000.0,742.8,447799.0,1101435.0,50988.8,27,50988.8,11.19999999999709,3
BANKNIFTY,2025-01-06,2025-01-30,PE,49900.0,820.75,184102.0,149925.0,49922.0,24,49922.0,22.0,6
BANKNIFTY,2025-01-07,2025-01-30,PE,50200.0,760.05,266744.0,206895.0,50202.15,23,50202.15,2.150000000001455,7
BANKNIFTY,2025-01-08,2025-01-30,PE,49800.0,701.3,296313.0,159240.0,49835.05,22,49835.05,35.05000000000291,8
BANKNIFTY,2025-01-09,2025-01-30,PE,49500.0,689.85,468306.0,751800.0,49503.5,21,49503.5,3.5,9
BANKNIFTY,2025-01-10,2025-01-30,PE,48700.0,732.15,219751.0,182685.0,48734.15,20,48734.15,34.150000000001455,10
BANKNIFTY,2025-01-20,2025-02-27,PE,49400.0,1018.8,796.0,11010.0,49350.8,38,49350.8,49.19999999999709,8
BANKNIFTY,2025-01-21,2025-02-27,PE,48600.0,1025.1,1110.0,41040.0,48570.9,37,48570.9,29.099999999998545,7
BANKNIFTY,2025-01-22,2025-02-27,PE,48700.0,992.9,1495.0,16170.0,48724.4,36,48724.4,24.400000000001455,6
BANKNIFTY,2025-01-23,2025-02-27,PE,48600.0,1011.55,3213.0,59970.0,48589.0,35,48589.0,11.0,5
BANKNIFTY,2025-01-24,2025-02-27,PE,48400.0,1045.4,2489.0,20040.0,48367.8,34,48367.8,32.19999999999709,4
BANKNIFTY,2025-01-27,2025-02-27,PE,48100.0,1064.4,2036.0,20010.0,48064.65,31,48064.65,35.349999999998545,1
BANKNIFTY,2025-01-28,2025-02-27,PE,48900.0,1061.0,2097.0,21810.0,48866.85,30,48866.85,33.150000000001455,0
BANKNIFTY,2025-01-29,2025-02-27,PE,49200.0,1086.5,2668.0,95670.0,49165.95,29,49165.95,34.05000000000291,1
BANKNIFTY,2025-01-30,2025-02-27,PE,49300.0,954.7,19237.0,122460.0,49311.95,28,49311.95,11.94999999999709,2
BANKNIFTY,2025-01-31,2025-02-27,PE,49600.0,927.15,73540.0,124110.0,49587.2,27,49587.2,12.80000000000291,3
BANKNIFTY,2025-02-01,2025-02-27,PE,49500.0,773.65,222802.0,448080.0,49506.95,26,49506.95,6.94999999999709,4
BANKNIFTY,2025-02-03,2025-02-27,PE,49200.0,728.65,133053.0,232020.0,49210.55,24,49210.55,10.55000000000291,6
BANKNIFTY,2025-02-04,2025-02-27,PE,50200.0,770.55,50837.0,127230.0,50157.95,23,50157.95,42.05000000000291,7
BANKNIFTY,2025-02-05,2025-02-27,PE,50300.0,695.3,115729.0,136200.0,50343.05,22,50343.05,43.05000000000291,8
BANKNIFTY,2025-02-06,2025-02-27,PE,50400.0,705.4,131504.0,236700.0,50382.1,21,50382.1,17.900000000001455,9
BANKNIFTY,2025-02-07,2025-02-27,PE,50200.0,655.3,173134.0,204690.0,50158.85,20,50158.85,41.150000000001455,10
BANKNIFTY,2025-02-17,2025-03-27,PE,49300.0,875.9,245.0,7380.0,49258.9,38,49258.9,41.099999999998545,8
BANKNIFTY,2025-02-18,2025-03-27,PE,49100.0,865.45,812.0,13860.0,49087.3,37,49087.3,12.69999999999709,7
BANKNIFTY,2025-02-19,2025-03-27,PE,49600.0,875.4,592.0,9330.0,49570.1,36,49570.1,29.900000000001455,6
BANKNIFTY,2025-02-20,2025-03-27,PE,49300.0,780.7,1885.0,25620.0,49334.55,35,49334.55,34.55000000000291,5
BANKNIFTY,2025-02-21,2025-03-27,PE,49000.0,803.0,19573.0,397830.0,48981.2,34,48981.2,18.80000000000291,4
BANKNIFTY,2025-02-24,2025-03-27,PE,48700.0,751.75,3295.0,34590.0,48651.95,31,48651.95,48.05000000000291,1
BANKNIFTY,2025-02-25,2025-03-27,PE,48600.0,690.45,7858.0,65730.0,48608.35,30,48608.35,8.349999999998545,0
BANKNIFTY,2025-02-27,2025-03-27,PE,48700.0,674.15,13453.0,119610.0,48743.8,28,48743.8,43.80000000000291,2
BANKNIFTY,2025-02-28,2025-03-27,PE,48300.0,666.3,198283.0,203010.0,48344.7,27,48344.7,44.69999999999709,3
BANKNIFTY,2025-03-03,2025-03-27,PE,48100.0,640.6,116008.0,178080.0,48114.3,24,48114.3,14.30000000000291,6
BANKNIFTY,2025-03-04,2025-03-27,PE,48200.0,633.2,190606.0,336630.0,48245.2,23,48245.2,45.19999999999709,7
BANKNIFTY,2025-03-05,2025-03-27,PE,48500.0,628.0,260223.0,727590.0,48489.95,22,48489.95,10.05000000000291,8
BANKNIFTY,2025-03-06,2025-03-27,PE,48600.0,623.05,139093.0,284850.0,48627.7,21,48627.7,27.69999999999709,9
BANKNIFTY,2025-03-07,2025-03-27,PE,48500.0,582.0,362020.0,834180.0,48497.5,20,48497.5,2.5,10
BANKNIFTY,2025-03-17,2025-04-24,PE,48400.0,779.65,1070.0,12270.0,48354.15,38,48354.15,45.849999999998545,8
BANKNIFTY,2025-03-18,2025-04-24,PE,49300.0,744.25,948.0,11850.0,49314.5,37,49314.5,14.5,7
BANKNIFTY,2025-03-19,2025-04-24,PE,49700.0,703.7,2274.0,16920.0,49702.6,36,49702.6,2.599999999998545,6
BANKNIFTY,2025-03-20,2025-04-24,PE,50100.0,699.85,1722.0,13920.0,50062.85,35,50062.85,37.150000000001455,5
BANKNIFTY,2025-03-21,2025-04-24,PE,50600.0,682.75,2686.0,18420.0,50593.55,34,50593.55,6.44999999999709,4
BANKNIFTY,2025-03-24,2025-04-24,PE,51700.0,712.1,7910.0,43140.0,51704.95,31,51704.95,4.94999999999709,1
BANKNIFTY,2025-03-25,2025-04-24,PE,51600.0,690.2,4864.0,61980.0,51607.95,30,51607.95,7.94999999999709,0
BANKNIFTY,2025-03-26,2025-04-24,PE,51200.0,652.9,8183.0,67410.0,51209.0,29,51209.0,9.0,1
BANKNIFTY,2025-03-27,2025-04-24,PE,51600.0,669.75,25428.0,153180.0,51575.85,28,51575.85,24.150000000001455,2
BANKNIFTY,2025-03-28,2025-04-24,PE,51600.0,635.25,187416.0,199140.0,,27,51564.85,35.150000000001455,3
BANKNIFTY,2025-04-01,2025-04-24,PE,50800.0,572.35,106373.0,168900.0,50827.5,23,50827.5,27.5,7
BANKNIFTY,2025-04-02,2025-04-24,PE,51300.0,615.65,80432.0,194700.0,51348.05,22,51348.05,48.05000000000291,8
BANKNIFTY,2025-04-03,2025-04-24,PE,51600.0,641.7,96794.0,252750.0,51597.35,21,51597.35,2.650000000001455,9
BANKNIFTY,2025-04-04,2025-04-24,PE,51500.0,660.9,336455.0,860940.0,51502.7,20,51502.7,2.6999999999970896,10
BANKNIFTY,2025-04-21,2025-05-29,PE,55300.0,999.0,5804.0,81180.0,55304.5,38,55304.5,4.5,8
BANKNIFTY,2025-04-22,2025-05-29,PE,55600.0,1020.05,3686.0,19890.0,55647.2,37,55647.2,47.19999999999709,7
BANKNIFTY,2025-04-23,2025-05-29,PE,55400.0,1034.45,8278.0,45870.0,55370.05,36,55370.05,29.94999999999709,6
BANKNIFTY,2025-04-24,2025-05-29,PE,55200.0,1062.85,16083.0,144630.0,55201.4,35,55201.4,1.4000000000014552,5
BANKNIFTY,2025-04-25,2025-05-29,PE,54700.0,1084.85,85226.0,100410.0,54664.05,34,54664.05,35.94999999999709,4
BANKNIFTY,2025-04-28,2025-05-29,PE,55400.0,962.2,52463.0,156990.0,55432.8,31,55432.8,32.80000000000291,1
BANKNIFTY,2025-04-29,2025-05-29,PE,55400.0,1050.7,72790.0,172920.0,55391.25,30,55391.25,8.75,0
BANKNIFTY,2025-04-30,2025-05-29,PE,55100.0,1045.8,63174.0,94560.0,55087.15,29,55087.15,12.849999999998545,1
BANKNIFTY,2025-05-02,2025-05-29,PE,55100.0,1019.45,66044.0,141660.0,55115.35,27,55115.35,15.349999999998545,3
BANKNIFTY,2025-05-05,2025-05-29,PE,54900.0,917.1,77782.0,163410.0,54919.5,24,54919.5,19.5,6
BANKNIFTY,2025-05-06,2025-05-29,PE,54300.0,937.25,44522.0,181830.0,54271.4,23,54271.4,28.599999999998545,7
BANKNIFTY,2025-05-07,2025-05-29,PE,54600.0,919.75,64801.0,131070.0,54610.9,22,54610.9,10.900000000001455,8
BANKNIFTY,2025-05-08,2025-05-29,PE,54400.0,1044.75,61937.0,221790.0,54365.65,21,54365.65,34.349999999998545,9
BANKNIFTY,2025-05-09,2025-05-29,PE,53600.0,950.5,100857.0,144240.0,53595.25,20,53595.25,4.75,10
BANKNIFTY,2025-05-19,2025-06-26,PE,55400.0,976.15,690.0,11400.0,55420.7,38,55420.7,20.69999999999709,8
BANKNIFTY,2025-05-20,2025-06-26,PE,54900.0,882.45,559.0,10590.0,54877.35,37,54877.35,22.650000000001455,7
BANKNIFTY,2025-05-21,2025-06-26,PE,55100.0,925.55,1218.0,12000.0,55075.1,36,55075.1,24.900000000001455,6
BANKNIFTY,2025-05-22,2025-06-26,PE,54900.0,825.8,1361.0,13320.0,54941.3,35,54941.3,41.30000000000291,5
BANKNIFTY,2025-05-23,2025-06-26,PE,55400.0,897.6,1502.0,23040.0,55398.25,34,55398.25,1.75,4
BANKNIFTY,2025-05-26,2025-06-26,PE,55600.0,940.8,2673.0,15930.0,55572.0,31,55572.0,28.0,1
BANKNIFTY,2025-05-27,2025-06-26,PE,55400.0,944.65,5577.0,20850.0,55352.8,30,55352.8,47.19999999999709,0
BANKNIFTY,2025-05-28,2025-06-26,PE,55400.0,894.05,6268.0,55950.0,55417.0,29,55417.0,17.0,1
BANKNIFTY,2025-05-29,2025-06-26,PE,55500.0,785.3,45392.0,411990.0,55546.05,28,55546.05,46.05000000000291,2
BANKNIFTY,2025-05-30,2025-06-26,PE,55700.0,787.9,67752.0,172830.0,55749.7,27,55749.7,49.69999999999709,3
BANKNIFTY,2025-06-02,2025-06-26,PE,55900.0,847.2,35934.0,123510.0,55903.4,24,55903.4,3.400000000001455,6
BANKNIFTY,2025-06-03,2025-06-26,PE,55600.0,766.15,52342.0,150030.0,55599.95,23,55599.95,0.05000000000291038,7
BANKNIFTY,2025-06-04,2025-06-26,PE,55700.0,729.6,66085.0,178470.0,55676.85,22,55676.85,23.150000000001455,8
BANKNIFTY,2025-06-05,2025-06-26,PE,55800.0,706.0,79323.0,263220.0,55760.85,21,55760.85,39.150000000001455,9
BANKNIFTY,2025-06-06,2025-06-26,PE,56600.0,724.65,63735.0,204840.0,56578.4,20,56578.4,21.599999999998545,10
BANKNIFTY,2025-06-23,2025-07-31,PE,56100.0,933.2,1517.0,16065.0,56059.35,38,56059.35,40.650000000001455,8
BANKNIFTY,2025-06-24,2025-07-31,PE,56500.0,876.6,23558.0,177100.0,56461.9,37,56461.9,38.099999999998545,7
BANKNIFTY,2025-06-25,2025-07-31,PE,56600.0,823.25,4292.0,57575.0,56621.15,36,56621.15,21.150000000001455,6
BANKNIFTY,2025-06-26,2025-07-31,PE,57200.0,888.25,7526.0,98805.0,57206.7,35,57206.7,6.69999999999709,5
BANKNIFTY,2025-06-27,2025-07-31,PE,57400.0,774.8,36000.0,134960.0,57443.9,34,57443.9,43.900000000001455,4
BANKNIFTY,2025-06-30,2025-07-31,PE,57300.0,752.3,49529.0,176435.0,57312.75,31,57312.75,12.75,1
BANKNIFTY,2025-07-01,2025-07-31,PE,57500.0,762.65,81805.0,608860.0,57459.45,30,57459.45,40.55000000000291,0
BANKNIFTY,2025-07-02,2025-07-31,PE,57000.0,682.7,110271.0,1204455.0,56999.2,29,56999.2,0.8000000000029104,1
BANKNIFTY,2025-07-03,2025-07-31,PE,56800.0,650.8,32965.0,195895.0,56791.95,28,56791.95,8.05000000000291,2
BANKNIFTY,2025-07-04,2025-07-31,PE,57000.0,636.85,113299.0,1300390.0,57031.9,27,57031.9,31.900000000001455,3
BANKNIFTY,2025-07-07,2025-07-31,PE,56900.0,618.85,72378.0,175035.0,56949.2,24,56949.2,49.19999999999709,6
BANKNIFTY,2025-07-08,2025-07-31,PE,57300.0,654.9,39922.0,191520.0,57256.3,23,57256.3,43.69999999999709,7
BANKNIFTY,2025-07-09,2025-07-31,PE,57200.0,601.35,83847.0,259070.0,57213.55,22,57213.55,13.55000000000291,8
BANKNIFTY,2025-07-10,2025-07-31,PE,57000.0,576.4,106894.0,1233050.0,56956.0,21,56956.0,44.0,9
BANKNIFTY,2025-07-11,2025-07-31,PE,56800.0,566.45,82962.0,197785.0,56754.7,20,56754.7,45.30000000000291,10
BANKNIFTY,2025-07-21,2025-08-28,PE,57000.0,716.85,27351.0,558705.0,56952.75,38,56952.75,47.25,8
BANKNIFTY,2025-07-22,2025-08-28,PE,56800.0,665.3,753.0,19250.0,56756.0,37,56756.0,44.0,7
BANKNIFTY,2025-07-23,2025-08-28,PE,57200.0,628.85,1873.0,40530.0,57210.45,36,57210.45,10.44999999999709,6
BANKNIFTY,2025-07-24,2025-08-28,PE,57100.0,630.55,1701.0,26145.0,57066.05,35,57066.05,33.94999999999709,5
BANKNIFTY,2025-07-25,2025-08-28,PE,56500.0,623.4,14657.0,258090.0,56528.9,34,56528.9,28.900000000001455,4
BANKNIFTY,2025-07-28,2025-08-28,PE,56100.0,633.4,3028.0,42770.0,56084.9,31,56084.9,15.099999999998545,1
BANKNIFTY,2025-07-29,2025-08-28,PE,56200.0,586.45,4947.0,43470.0,56222.0,30,56222.0,22.0,0
BANKNIFTY,2025-07-30,2025-08-28,PE,56200.0,608.5,7374.0,59990.0,56150.7,29,56150.7,49.30000000000291,1
BANKNIFTY,2025-07-31,2025-08-28,PE,56000.0,577.75,89525.0,741475.0,55961.95,28,55961.95,38.05000000000291,2
BANKNIFTY,2025-08-01,2025-08-28,PE,55600.0,608.4,43779.0,92120.0,55617.6,27,55617.6,17.599999999998545,3
BANKNIFTY,2025-08-04,2025-08-28,PE,55600.0,545.15,106369.0,189105.0,55619.35,24,55619.35,19.349999999998545,6
BANKNIFTY,2025-08-05,2025-08-28,PE,55400.0,576.6,78501.0,126140.0,55360.25,23,55360.25,39.75,7
BANKNIFTY,2025-08-06,2025-08-28,PE,55400.0,533.7,134545.0,186410.0,55411.15,22,55411.15,11.150000000001455,8
BANKNIFTY,2025-08-07,2025-08-28,PE,55500.0,465.65,110661.0,780850.0,55521.15,21,55521.15,21.150000000001455,9
BANKNIFTY,2025-08-08,2025-08-28,PE,55000.0,507.85,167042.0,933205.0,55004.9,20,55004.9,4.900000000001455,10
BANKNIFTY,2025-08-21,2025-09-30,PE,55800.0,583.7,997.0,16800.0,55755.45,40,55755.45,44.55000000000291,10
BANKNIFTY,2025-08-22,2025-09-30,PE,55100.0,564.35,896.0,14245.0,55149.4,39,55149.4,49.400000000001455,9
BANKNIFTY,2025-08-25,2025-09-30,PE,55100.0,530.3,1737.0,26005.0,55139.3,36,55139.3,39.30000000000291,6
BANKNIFTY,2025-08-26,2025-09-30,PE,54500.0,579.1,21579.0,357875.0,54450.45,35,54450.45,49.55000000000291,5
BANKNIFTY,2025-08-28,2025-09-30,PE,53800.0,536.75,8048.0,86625.0,53820.35,33,53820.35,20.349999999998545,3
BANKNIFTY,2025-08-29,2025-09-30,PE,53700.0,558.7,45210.0,85225.0,53655.65,32,53655.65,44.349999999998545,2
BANKNIFTY,2025-09-01,2025-09-30,PE,54000.0,511.2,117941.0,1248275.0,54002.45,29,54002.45,2.4499999999970896,1
BANKNIFTY,2025-09-02,2025-09-30,PE,53700.0,521.5,45465.0,128415.0,53661.0,28,53661.0,39.0,2
BANKNIFTY,2025-09-03,2025-09-30,PE,54100.0,517.1,26016.0,150465.0,54067.55,27,54067.55,32.44999999999709,3
BANKNIFTY,2025-09-04,2025-09-30,PE,54100.0,525.15,46634.0,157955.0,54075.45,26,54075.45,24.55000000000291,4
BANKNIFTY,2025-09-05,2025-09-30,PE,54100.0,466.05,70727.0,175910.0,54114.55,25,54114.55,14.55000000000291,5
BANKNIFTY,2025-09-08,2025-09-30,PE,54200.0,426.65,108528.0,250460.0,54186.9,22,54186.9,13.099999999998545,8
BANKNIFTY,2025-09-09,2025-09-30,PE,54200.0,436.4,114958.0,279440.0,54216.1,21,54216.1,16.099999999998545,9
BANKNIFTY,2025-09-10,2025-09-30,PE,54500.0,404.25,172980.0,947520.0,54536.0,20,54536.0,36.0,10
BANKNIFTY,2025-09-18,2025-10-28,PE,55700.0,509.15,887.0,9940.0,55727.45,40,55727.45,27.44999999999709,10
BANKNIFTY,2025-09-19,2025-10-28,PE,55500.0,513.7,4904.0,153090.0,55458.85,39,55458.85,41.150000000001455,9
BANKNIFTY,2025-09-22,2025-10-28,PE,55300.0,512.4,948.0,14210.0,55284.75,36,55284.75,15.25,6
BANKNIFTY,2025-09-23,2025-10-28,PE,55500.0,483.3,9908.0,227675.0,55509.75,35,55509.75,9.75,5
BANKNIFTY,2025-09-24,2025-10-28,PE,55100.0,503.5,1965.0,23940.0,55121.5,34,55121.5,21.5,4
BANKNIFTY,2025-09-25,2025-10-28,PE,55000.0,508.65,19724.0,419545.0,54976.2,33,54976.2,23.80000000000291,3
BANKNIFTY,2025-09-26,2025-10-28,PE,54400.0,539.5,3155.0,29820.0,54389.35,32,54389.35,10.650000000001455,2
BANKNIFTY,2025-09-29,2025-10-28,PE,54500.0,524.75,32830.0,425880.0,54461.0,29,54461.0,39.0,1
BANKNIFTY,2025-09-30,2025-10-28,PE,54600.0,486.45,17030.0,112280.0,54635.85,28,54635.85,35.849999999998545,2
BANKNIFTY,2025-10-01,2025-10-28,PE,55300.0,493.85,62269.0,212310.0,55347.95,27,55347.95,47.94999999999709,3
BANKNIFTY,2025-10-03,2025-10-28,PE,55600.0,493.15,47996.0,225015.0,55589.25,25,55589.25,10.75,5
BANKNIFTY,2025-10-06,2025-10-28,PE,56100.0,476.9,50443.0,167195.0,56104.85,22,56104.85,4.849999999998545,8
BANKNIFTY,2025-10-07,2025-10-28,PE,56200.0,430.4,65511.0,188755.0,56239.35,21,56239.35,39.349999999998545,9
BANKNIFTY,2025-10-08,2025-10-28,PE,56000.0,439.4,222477.0,1165010.0,56018.25,20,56018.25,18.25,10
BANKNIFTY,2025-10-16,2025-11-25,PE,57400.0,657.15,680.0,6335.0,57422.55,40,57422.55,22.55000000000291,10
BANKNIFTY,2025-10-17,2025-11-25,PE,57700.0,715.9,1538.0,14945.0,57713.35,39,57713.35,13.349999999998545,9
BANKNIFTY,2025-10-20,2025-11-25,PE,58000.0,632.25,17797.0,236565.0,58033.2,36,58033.2,33.19999999999709,6
BANKNIFTY,2025-10-21,2025-11-25,PE,58000.0,666.65,3503.0,240310.0,58007.2,35,58007.2,7.19999999999709,5
BANKNIFTY,2025-10-23,2025-11-25,PE,58100.0,643.2,2265.0,30135.0,58078.05,33,58078.05,21.94999999999709,3
BANKNIFTY,2025-10-24,2025-11-25,PE,57700.0,591.55,4983.0,44310.0,57699.6,32,57699.6,0.4000000000014552,2
BANKNIFTY,2025-10-27,2025-11-25,PE,58100.0,577.6,7769.0,59500.0,58114.25,29,58114.25,14.25,1
BANKNIFTY,2025-10-28,2025-11-25,PE,58200.0,599.85,22767.0,108990.0,58214.1,28,58214.1,14.099999999998545,2
BANKNIFTY,2025-10-29,2025-11-25,PE,58400.0,576.45,46986.0,128310.0,58385.25,27,58385.25,14.75,3
BANKNIFTY,2025-10-30,2025-11-25,PE,58000.0,526.15,131632.0,1748110.0,58031.1,26,58031.1,31.099999999998545,4
BANKNIFTY,2025-10-31,2025-11-25,PE,57800.0,523.1,91955.0,183330.0,57776.35,25,57776.35,23.650000000001455,5
BANKNIFTY,2025-11-03,2025-11-25,PE,58100.0,552.65,66371.0,187425.0,58101.45,22,58101.45,1.4499999999970896,8
BANKNIFTY,2025-11-04,2025-11-25,PE,57800.0,517.9,62367.0,209895.0,57827.05,21,57827.05,27.05000000000291,9
BANKNIFTY,2025-11-20,2025-12-30,PE,59300.0,641.35,1951.0,35455.0,59347.7,40,59347.7,47.69999999999709,10
BANKNIFTY,2025-11-21,2025-12-30,PE,58900.0,699.7,4062.0,44590.0,58867.7,39,58867.7,32.30000000000291,9
BANKNIFTY,2025-11-24,2025-12-30,PE,58800.0,647.5,4297.0,45570.0,58835.35,36,58835.35,35.349999999998545,6
BANKNIFTY,2025-11-25,2025-12-30,PE,58800.0,635.5,15551.0,106890.0,58820.3,35,58820.3,20.30000000000291,5
BANKNIFTY,2025-11-26,2025-12-30,PE,59500.0,647.2,106506.0,701645.0,59528.05,34,59528.05,28.05000000000291,4
BANKNIFTY,2025-11-27,2025-12-30,PE,59700.0,623.6,74290.0,238700.0,59737.3,33,59737.3,37.30000000000291,3
BANKNIFTY,2025-11-28,2025-12-30,PE,59800.0,615.2,80165.0,244510.0,59752.7,32,59752.7,47.30000000000291,2
BANKNIFTY,2025-12-01,2025-12-30,PE,59700.0,619.15,63352.0,181580.0,59681.35,29,59681.35,18.650000000001455,1
BANKNIFTY,2025-12-02,2025-12-30,PE,59300.0,535.4,33547.0,163170.0,59273.8,28,59273.8,26.19999999999709,2
BANKNIFTY,2025-12-03,2025-12-30,PE,59300.0,487.05,56472.0,162470.0,59348.25,27,59348.25,48.25,3
BANKNIFTY,2025-12-04,2025-12-30,PE,59300.0,490.2,71599.0,162680.0,59288.7,26,59288.7,11.30000000000291,4
BANKNIFTY,2025-12-05,2025-12-30,PE,59800.0,493.85,46396.0,293860.0,59777.2,25,59777.2,22.80000000000291,5
BANKNIFTY,2025-12-08,2025-12-30,PE,59200.0,461.35,52625.0,210700.0,59238.55,22,59238.55,38.55000000000291,8
BANKNIFTY,2025-12-09,2025-12-30,PE,59200.0,447.6,78025.0,247940.0,59222.35,21,59222.35,22.349999999998545,9
BANKNIFTY,2025-12-10,2025-12-30,PE,59000.0,474.85,194767.0,1253105.0,58960.4,20,58960.4,39.599999999998545,10
BANKNIFTY,2025-12-18,2026-01-27,PE,58900.0,573.15,868.0,13290.0,58912.85,40,58912.85,12.849999999998545,10
BANKNIFTY,2025-12-19,2026-01-27,PE,59100.0,560.95,881.0,13110.0,59069.2,39,59069.2,30.80000000000291,9
BANKNIFTY,2025-12-22,2026-01-27,PE,59300.0,539.15,1686.0,25770.0,59304.0,36,59304.0,4.0,6
BANKNIFTY,2025-12-23,2026-01-27,PE,59300.0,524.75,2406.0,37650.0,59299.55,35,59299.55,0.4499999999970896,5
BANKNIFTY,2025-12-24,2026-01-27,PE,59200.0,516.65,2952.0,42360.0,59183.6,34,59183.6,16.400000000001455,4
BANKNIFTY,2025-12-26,2026-01-27,PE,59000.0,504.85,19173.0,495780.0,59011.35,32,59011.35,11.349999999998545,2
BANKNIFTY,2025-12-29,2026-01-27,PE,58900.0,497.65,7965.0,71580.0,58932.35,29,58932.35,32.349999999998545,1
BANKNIFTY,2025-12-30,2026-01-27,PE,59200.0,486.9,9519.0,99810.0,59171.25,28,59171.25,28.75,2
BANKNIFTY,2025-12-31,2026-01-27,PE,59600.0,507.0,38237.0,131130.0,59581.85,27,59581.85,18.150000000001455,3
